,preprocessed_name,INSTNM,CITY_y,STABBR
2257,alaskacareercollege,Alaska Career College,Anchorage,AK
3042,alaskachristiancollege,Alaska Christian College,Soldotna,AK
2251,universityalaskaanchorage,University of Alaska Anchorage,Anchorage,AK
2252,universityalaskafairbanks,University of Alaska Fairbanks,Fairbanks,AK
2256,universityalaskasoutheast,University of Alaska Southeast,Juneau,AK
3321,alabamaschoolnailtechnologycosmetology,Alabama School of Nail Technology & Cosmetology,Jackson,AL
2244,coastalalabamacommunitycollege,Coastal Alabama Community College,Bay Minette,AL
2245,georgecwallacestatecommunitycollegehanceville,George C Wallace State Community College-Hanceville,Hanceville,AL
2249,hcouncilltrenholmstatecommunitycollege,H Councill Trenholm State Community College,Montgomery,AL
2246,jfingramstatetechnicalcollege,J F Ingram State Technical College,Deatsville,AL
2247,johnccalhounstatecommunitycollege,John C Calhoun State Community College,Tanner,AL
2248,lawsonstatecommunitycollege,Lawson State Community College,Birmingham,AL
3110,paulmitchellschoolbirmingham,Paul Mitchell the School-Birmingham,Hoover,AL
2975,paulmitchellschoolhuntsville,Paul Mitchell the School-Huntsville,Madison,AL
2250,unitedstatessportsacademy,United States Sports Academy,Daphne,AL
3218,universityacademyhairdesign,University Academy of Hair Design,Tuscaloosa,AL
2243,universityalabama,The University of Alabama,Tuscaloosa,AL
2271,arkansasstateuniversity,Arkansas State University,Jonesboro,AR
2253,arkansasstateuniversitythreerivers,Arkansas State University Three Rivers,Malvern,AR
2272,baptisthealthcollegelittlerock,Baptist Health College Little Rock,Little Rock,AR
3061,ecclesiacollege,Ecclesia College,Springdale,AR
2273,jeffersonregionalmedicalcenterschoolnursing,Jefferson Regional Medical Center School of Nursing,Pine Bluff,AR
2275,paulmitchellschoolarkansas,Paul Mitchell the School-Arkansas,Fayetteville,AR
2255,philandersmithcollege,Philander Smith College,Little Rock,AR
2274,phillipscommunitycollegeuniversityarkansas,Phillips Community College of the University of Arkansas,Helena,AR
2276,southernarkansasuniversitymaincampus,Southern Arkansas University Main Campus,Magnolia,AR
2277,southernarkansasuniversitytech,Southern Arkansas University Tech,Camden,AR
2270,universityarkansas,University of Arkansas,Fayetteville,AR
2254,universityarkansascommunitycollegemorrilton,University of Arkansas Community College-Morrilton,Morrilton,AR
3053,americanintercontinentaluniversity,American InterContinental University,Chandler,AZ
2259,arizonastateuniversitycampusimmersion,Arizona State University Campus Immersion,Tempe,AZ
3264,arizonastateuniversitydigitalimmersion,Arizona State University Digital Immersion,Scottsdale,AZ
2263,avalonschoolcosmetologymesa,Avalon School of Cosmetology-Mesa,Mesa,AZ
3196,avalonschoolcosmetologyphoenix,Avalon School of Cosmetology-Phoenix,Phoenix,AZ
3107,chamberlainuniversityarizona,Chamberlain University-Arizona,Phoenix,AZ
2260,cochisecountycommunitycollegedistrict,Cochise County Community College District,Sierra Vista,AZ
2902,conservatoryrecordingartssciences,Conservatory of Recording Arts and Sciences,Tempe,AZ
3246,devryuniversityarizona,DeVry University-Arizona,Phoenix,AZ
2264,embryriddleaeronauticaluniversityprescott,Embry-Riddle Aeronautical University-Prescott,Prescott,AZ
3063,empirebeautyschoolavondale,Empire Beauty School-Avondale,Avondale,AZ
2262,empirebeautyschoolchandler,Empire Beauty School-Chandler,Chandler,AZ
2261,empirebeautyschoolflagstaff,Empire Beauty School-Flagstaff,Flagstaff,AZ
2269,empirebeautyschoolnwphoenix,Empire Beauty School-NW Phoenix,Phoenix,AZ
2258,empirebeautyschooltucson,Empire Beauty School-Tucson,Tucson,AZ
2265,gatewaycommunitycollege,GateWay Community College,Phoenix,AZ
2891,gatewaycommunitycollegecentralcity,GateWay Community College-Central City,Phoenix,AZ
3374,indianbiblecollege,Indian Bible College,Flagstaff,AZ
3001,midwesternuniversityglendale,Midwestern University-Glendale,Glendale,AZ
2266,ottawauniversityphoenix,Ottawa University-Phoenix,Phoenix,AZ
3189,ottawauniversitysurprise,Ottawa University-Surprise,Surprise,AZ
3153,paulmitchellschoolphoenix,Paul Mitchell the School-Phoenix,Phoenix,AZ
3066,phoenixinstituteherbalmedicineacupuncture,Phoenix Institute of Herbal Medicine & Acupuncture,Phoenix,AZ
2267,refrigerationschoolinc,Refrigeration School Inc,Phoenix,AZ
2268,riosaladocollege,Rio Salado College,Tempe,AZ
3316,sonorandesertinstitute,Sonoran Desert Institute,Tempe,AZ
2992,southwestcollegenaturopathicmedicinehealthsciences,Southwest College of Naturopathic Medicine & Health Sciences,Tempe,AZ
3308,universityarizonasierravista,University of Arizona-Sierra Vista,Sierra Vista,AZ
3278,universityphoenixarizona,University of Phoenix-Arizona,Phoenix,AZ
3370,westernmaricopaeducationcenter,Western Maricopa Education Center,Glendale,AZ
3367,xtylobeautycollege,Xtylo Beauty College,Phoenix,AZ
3315,abrahamlincolnuniversity,Abraham Lincoln University,Glendale,CA
2278,academyartuniversity,Academy of Art University,San Francisco,CA
2948,advancebeautycollege,Advance Beauty College,Garden Grove,CA
3228,advancedcareerinstitute,Advanced Career Institute,Visalia,CA
3314,alhambramedicaluniversity,Alhambra Medical University,Alhambra,CA
2279,americanacademydramaticartslosangeles,American Academy of Dramatic Arts-Los Angeles,Los Angeles,CA
2280,americanfilminstituteconservatory,American Film Institute Conservatory,Los Angeles,CA
2306,americanjewishuniversity,American Jewish University,Los Angeles,CA
2947,asianamericaninternationalbeautycollege,Asian-American International Beauty College,Westminster,CA
3333,baldyviewregionaloccupationalprogram,Baldy View Regional Occupational Program,Ontario,CA
3076,beaumontadultschool,Beaumont Adult School,Beaumont,CA
2281,bellusacademychulavista,Bellus Academy-Chula Vista,Chula Vista,CA
2305,bellusacademyelcajon,Bellus Academy-El Cajon,El Cajon,CA
2937,bellusacademypoway,Bellus Academy-Poway,Poway,CA
2900,bethelseminarysandiego,Bethel Seminary-San Diego,San Diego,CA
3131,beyond21stcenturybeautyacademy,Beyond 21st Century Beauty Academy,Santa Fe Springs,CA
3312,buttecountyregionaloccupationalprogram,Butte County Regional Occupational Program,Chico,CA
3015,californiaaeronauticaluniversity,California Aeronautical University,Bakersfield,CA
3373,californiaindiannationscollege,California Indian Nations College,Palm Desert,CA
3310,californiainstituteadvancedmanagement,California Institute of Advanced Management,Alhambra,CA
3291,californiaintercontinentaluniversity,California Intercontinental University,Irvine,CA
3297,californiajazzconservatory,California Jazz Conservatory,Berkeley,CA
2282,californiapolytechnicstateuniversitysanluisobispo,California Polytechnic State University-San Luis Obispo,San Luis Obispo,CA
2284,californiastateuniversitymaritimeacademy,California State University Maritime Academy,Vallejo,CA
3382,californiauniversitysciencemedicine,California University of Science and Medicine,Colton,CA
3025,cbdcollege,CBD College,Los Angeles,CA
2285,cerrocosocommunitycollege,Cerro Coso Community College,Ridgecrest,CA
3327,chamberlainuniversitycalifornia,Chamberlain University-California,Rancho Cordova,CA
2321,charlesajonescareereducationcenter,Charles A Jones Career and Education Center,Sacramento,CA
2286,charlesrdrewuniversitymedicinescience,Charles R Drew University of Medicine and Science,Los Angeles,CA
2288,citrusheightsbeautycollege,Citrus Heights Beauty College,Citrus Heights,CA
2289,claremontgraduateuniversity,Claremont Graduate University,Claremont,CA
3318,claremontlincolnuniversity,Claremont Lincoln University,Claremont,CA
3324,cloviscommunitycollege,Clovis Community College,Fresno,CA
2290,columbiacollege,Columbia College,Sonora,CA
2287,concordiauniversityirvine,Concordia University-Irvine,Irvine,CA
2291,cuestacollege,Cuesta College,San Luis Obispo,CA
2292,dellarteinternationalschoolphysicaltheatre,Dell'Arte International School of Physical Theatre,Blue Lake,CA
2293,designinstitutesandiego,Design Institute of San Diego,San Diego,CA
3247,devryuniversitycalifornia,DeVry University-California,Ontario,CA
2294,dominicanschoolphilosophytheology,Dominican School of Philosophy & Theology,Berkeley,CA
2295,elcaminocommunitycollegedistrict,El Camino Community College District,Torrance,CA
2296,empirecollege,Empire College,Santa Rosa,CA
2325,epicbiblecollege,Epic Bible College,Sacramento,CA
3265,fabschool,The Fab School,Rancho Cucamonga,CA
2299,featherrivercommunitycollegedistrict,Feather River Community College District,Quincy,CA
2297,fidmfashioninstitutedesignmerchandisinglosangeles,FIDM-Fashion Institute of Design & Merchandising-Los Angeles,Los Angeles,CA
2298,fidmfashioninstitutedesignmerchandisingsanfrancisco,FIDM-Fashion Institute of Design & Merchandising-San Francisco,San Francisco,CA
2300,fieldinggraduateuniversity,Fielding Graduate University,Santa Barbara,CA
3213,flairbeautycollege,Flair Beauty College,Valencia,CA
2301,franciscanschooltheology,Franciscan School of Theology,San Diego,CA
2302,fredrickcharlesbeautycollege,Fredrick and Charles Beauty College,Eureka,CA
2303,glendalecommunitycollege,Glendale Community College,Glendale,CA
2304,hartnellcollege,Hartnell College,Salinas,CA
3343,icohscollege,ICOHS College,San Diego,CA
3033,irellmanellagraduateschoolbiologicalsciencescityhope,Irell & Manella Graduate School of Biological Sciences at City of Hope,Duarte,CA
3187,johnpaulgreatcatholicuniversity,John Paul the Great Catholic University,Escondido,CA
3028,keckgraduateinstitute,Keck Graduate Institute,Claremont,CA
3272,lawrencecompanycollegecosmetology,Lawrence & Company College of Cosmetology,Selma,CA
2307,lifepacificuniversity,Life Pacific University,San Dimas,CA
2309,lurossacademy,Lu Ross Academy,Ventura,CA
2968,marianhealthcareerscenterlosangelescampus,Marian Health Careers Center-Los Angeles Campus,Los Angeles,CA
3201,marianhealthcareerscentervannuyscampus,Marian Health Careers Center-Van Nuys Campus,Van Nuys,CA
3112,mayfieldcollege,Mayfield College,Cathedral City,CA
2310,mercedcollege,Merced College,Merced,CA
3346,meridianuniversity,Meridian University,Petaluma,CA
2920,mtdiabloadulteducationmtdiablousd,Mt. Diablo Adult Education-Mt. Diablo USD,Concord,CA
2311,mtsanantoniocollege,Mt San Antonio College,Walnut,CA
2312,mtsanjacintocommunitycollegedistrict,Mt San Jacinto Community College District,San Jacinto,CA
3122,nationalcareercollege,National Career College,Panorama City,CA
3045,ntmatrainingcenterssoutherncalifornia,NTMA Training Centers of Southern California,Santa Fe Springs,CA
2313,otiscollegeartdesign,Otis College of Art and Design,Los Angeles,CA
2314,palomarcollege,Palomar College,San Marcos,CA
2316,pardeerandgraduateschool,Pardee RAND Graduate School,Santa Monica,CA
3381,pathwayscollege,Pathways College,Pasadena,CA
3038,paulmitchellschoolcostamesa,Paul Mitchell the School-Costa Mesa,Costa Mesa,CA
3155,paulmitchellschoolfresno,Paul Mitchell the School-Fresno,Fresno,CA
3154,paulmitchellschoolmodesto,Paul Mitchell the School-Modesto,Modesto,CA
3113,paulmitchellschoolpasadena,Paul Mitchell the School-Pasadena,Pasadena,CA
3376,paulmitchellschoolrenonorthtahoe,Paul Mitchell the School-Reno-North Tahoe,Truckee,CA
3083,paulmitchellschoolsandiego,Paul Mitchell the School-San Diego,San Diego,CA
3085,paulmitchellschoolshermanoaks,Paul Mitchell the School-Sherman Oaks,Sherman Oaks,CA
2315,plattcollegesandiego,Platt College-San Diego,San Diego,CA
2922,pomonaunifiedschooldistrictadultcareereducation,Pomona Unified School District Adult and Career Education,Pomona,CA
3296,presidiograduateschool,Presidio Graduate School,San Francisco,CA
3349,princessinstitutebeauty,Princess Institute of Beauty,Reedley,CA
3121,providencechristiancollege,Providence Christian College,Pasadena,CA
3332,regancareerinstitute,Regan Career Institute,El Monte,CA
3352,reissdavisgraduateschool,Reiss-Davis Graduate School,Los Angeles,CA
3215,riversidecountyofficeeducationschoolcareereducation,Riverside County Office of Education-School of Career Education,Riverside,CA
2317,samuelmerrittuniversity,Samuel Merritt University,Oakland,CA
2318,sandiegomiramarcollege,San Diego Miramar College,San Diego,CA
3239,sanfordburnhamprebysmedicaldiscoveryinstitute,Sanford Burnham Prebys Medical Discovery Institute,La Jolla,CA
2319,sanfranciscoartinstitute,San Francisco Art Institute,San Francisco,CA
2283,sofiauniversity,Sofia University,Palo Alto,CA
2322,southbaylouniversity,South Baylo University,Anaheim,CA
2323,southcoastcollege,South Coast College,Orange,CA
2308,southerncaliforniauniversityhealthsciences,Southern California University of Health Sciences,Whittier,CA
2324,starrkingschoolforministry,Starr King School for the Ministry,Oakland,CA
3292,theatrearts,Theatre of Arts,Hollywood,CA
2320,trinitylawschool,Trinity Law School,Santa Ana,CA
3320,universitypeople,University of the People,Pasadena,CA
3279,universityphoenixcalifornia,University of Phoenix-California,Ontario,CA
2916,universitystaugustineforhealthsciences,University of St. Augustine for Health Sciences,San Marcos,CA
3344,urbanbarbercollege,Urban Barber College,Concord,CA
3331,westcliffuniversity,Westcliff University,Irvine,CA
3329,westcoastuniversitycenterforgraduatestudies,West Coast University-Center for Graduate Studies,Los Angeles,CA
3046,westcoastuniversitylosangeles,West Coast University-Los Angeles,North Hollywood,CA
3140,westcoastuniversityontario,West Coast University-Ontario,Ontario,CA
3139,westcoastuniversityorangecounty,West Coast University-Orange County,Anaheim,CA
3091,augusteescoffierschoolculinaryartsboulder,Auguste Escoffier School of Culinary Arts-Boulder,Boulder,CO
2923,avalonschoolcosmetologyaurora,Avalon School of Cosmetology-Aurora,Aurora,CO
2327,coloradostateuniversityfortcollins,Colorado State University-Fort Collins,Fort Collins,CO
3221,coloradostateuniversityglobalcampus,Colorado State University-Global Campus,Aurora,CO
2328,coloradotechnicaluniversitycoloradosprings,Colorado Technical University-Colorado Springs,Colorado Springs,CO
2331,denverseminary,Denver Seminary,Littleton,CO
3248,devryuniversitycolorado,DeVry University-Colorado,Westminster,CO
3065,empirebeautyschoolaurora,Empire Beauty School-Aurora,Aurora,CO
3064,empirebeautyschoollittleton,Empire Beauty School-Littleton,Littleton,CO
2335,empirebeautyschoolthornton,Empire Beauty School-Thornton,Thornton,CO
2332,iliffschooltheology,Iliff School of Theology,Denver,CO
2333,internationalsalonspaacademy,International Salon and Spa Academy,Colorado Springs,CO
2330,lincolncollegetechnologydenver,Lincoln College of Technology-Denver,Denver,CO
2334,nazarenebiblecollege,Nazarene Bible College,Colorado Springs,CO
3156,paulmitchellschoolcoloradosprings,Paul Mitchell the School-Colorado Springs,Colorado Springs,CO
3244,paulmitchellschooldenver,Paul Mitchell the School-Denver,Lakewood,CO
2898,plattcollegeaurora,Platt College-Aurora,Aurora,CO
3020,southwestacupuncturecollegeboulder,Southwest Acupuncture College-Boulder,Boulder,CO
3111,taftuniversitysystem,Taft University System,Lakewood,CO
2329,technicalcollegerockies,Technical College of the Rockies,Delta,CO
2326,universitycoloradodenveranschutzmedicalcampus,University of Colorado Denver/Anschutz Medical Campus,Denver,CO
2336,westerncoloradouniversity,Western Colorado University,Gunnison,CO
2337,charteroakstatecollege,Charter Oak State College,New Britain,CT
2338,goodwinuniversity,Goodwin University,East Hartford,CT
2342,hartfordseminary,Hartford Seminary,Hartford,CT
2344,holyapostlescollegeseminary,Holy Apostles College and Seminary,Cromwell,CT
2339,lincolntechnicalinstituteeastwindsor,Lincoln Technical Institute-East Windsor,East Windsor,CT
2346,lincolntechnicalinstitutenewbritain,Lincoln Technical Institute-New Britain,New Britain,CT
3060,lincolntechnicalinstituteshelton,Lincoln Technical Institute-Shelton,Shelton,CT
2345,middlesexcommunitycollege,Middlesex Community College,Middletown,CT
2347,paiercollegeartinc,Paier College of Art Inc,Hamden,CT
2340,paulmitchellschoolnorthhaven,Paul Mitchell the School-North Haven,North Haven,CT
2341,rensselaerhartford,Rensselaer at Hartford,Hartford,CT
2348,sacredheartuniversity,Sacred Heart University,Fairfield,CT
3071,stoneacademyeasthartford,Stone Academy-East Hartford,East Hartford,CT
2971,stoneacademywaterbury,Stone Academy-Waterbury,Waterbury,CT
2349,stoneacademywesthaven,Stone Academy-West Haven,West Haven,CT
3022,universityconnecticutaverypoint,University of Connecticut-Avery Point,Groton,CT
3188,universityconnecticuthartfordcampus,University of Connecticut-Hartford Campus,Hartford,CT
3021,universityconnecticutwaterburycampus,University of Connecticut-Waterbury Campus,Waterbury,CT
2343,universityhartford,University of Hartford,West Hartford,CT
2352,nationalconservatorydramaticarts,National Conservatory of Dramatic Arts,Washington,DC
2904,universitydistrictcolumbiadavidaclarkeschoollaw,University of the District of Columbia-David A Clarke School of Law,Washington,DC
2350,delawarestateuniversity,Delaware State University,Dover,DE
3157,paulmitchellschooldelaware,Paul Mitchell the School-Delaware,Newark,DE
2351,universitydelaware,University of Delaware,Newark,DE
3093,academyforfiveelementacupuncture,Academy for Five Element Acupuncture,Gainesville,FL
2357,adventhealthuniversity,AdventHealth University,Orlando,FL
3289,apariciolevytechnicalcollege,Aparicio-Levy Technical College,Tampa,FL
3039,avemariaschoollaw,Ave Maria School of Law,Naples,FL
2944,beaconcollege,Beacon College,Leesburg,FL
2371,benescareeracademy,Bene's Career Academy,New Port Richey,FL
3129,chamberlainuniversityflorida,Chamberlain University-Florida,Jacksonville,FL
2354,charlottetechnicalcollege,Charlotte Technical College,Port Charlotte,FL
2358,collegefloridakeys,The College of the Florida Keys,Key West,FL
3249,devryuniversityflorida,DeVry University-Florida,Miramar,FL
3077,dragonrisescollegeorientalmedicine,Dragon Rises College of Oriental Medicine,Gainesville,FL
3026,eastwestcollegenaturalmedicine,East West College of Natural Medicine,Sarasota,FL
2355,embryriddleaeronauticaluniversitydaytonabeach,Embry-Riddle Aeronautical University-Daytona Beach,Daytona Beach,FL
3003,embryriddleaeronauticaluniversityworldwide,Embry-Riddle Aeronautical University-Worldwide,Daytona Beach,FL
3342,empirebeautyschoollakeland,Empire Beauty School-Lakeland,Lakeland,FL
3341,empirebeautyschooltampa,Empire Beauty School-Tampa,Tampa,FL
3151,empirebeautyschoolwestpalm,Empire Beauty School-West Palm,West Palm Beach,FL
2356,flaglercollege,Flagler College,Saint Augustine,FL
3232,floridainstitutetechnologyonline,Florida Institute of Technology-Online,Melbourne,FL
2965,floridanationaluniversitymaincampus,Florida National University-Main Campus,Hialeah,FL
2353,johnsonuniversityflorida,Johnson University Florida,Kissimmee,FL
3180,millenniaatlanticuniversity,Millennia Atlantic University,Doral,FL
2938,nationalaviationacademytampabay,National Aviation Academy of Tampa Bay,Clearwater,FL
2999,newprofessionstechnicalinstitute,New Professions Technical Institute,Miami,FL
2361,northfloridacollege,North Florida College,Madison,FL
3067,northfloridacosmetologyinstitute,North Florida Cosmetology Institute,Tallahassee,FL
3377,paulmitchellschoolfortlauderdale,Paul Mitchell the School-Fort Lauderdale,Plantation,FL
3205,paulmitchellschoolfortmyers,Paul Mitchell the School-Fort Myers,Fort Myers,FL
2360,paulmitchellschooljacksonville,Paul Mitchell the School-Jacksonville,Jacksonville,FL
3094,paulmitchellschoolmiami,Paul Mitchell the School-Miami,Miami,FL
3055,paulmitchellschoolorlando,Paul Mitchell the School-Orlando,Oviedo,FL
3082,paulmitchellschooltampa,Paul Mitchell the School-Tampa,Tampa,FL
2373,rasmussenuniversityflorida,Rasmussen University-Florida,Ocala,FL
3164,remingtoncollegeheathrowcampus,Remington College-Heathrow Campus,Lake Mary,FL
2363,ringlingcollegeartdesign,Ringling College of Art and Design,Sarasota,FL
2369,saintjohnsriverstatecollege,Saint Johns River State College,Palatka,FL
2362,saintvincentdepaulregionalseminary,Saint Vincent de Paul Regional Seminary,Boynton Beach,FL
2910,southerntechnicalcollege,Southern Technical College,Fort Myers,FL
2911,southerntechnicalcollege,Southern Technical College,Orlando,FL
2907,southfloridabiblecollegetheologicalseminary,South Florida Bible College and Theological Seminary,Deerfield Beach,FL
2359,statecollegefloridamanateesarasota,State College of Florida-Manatee-Sarasota,Bradenton,FL
2372,trinitycollegeflorida,Trinity College of Florida,Trinity,FL
3040,tulsaweldingschooljacksonville,Tulsa Welding School-Jacksonville,Jacksonville,FL
3041,tulsaweldingschooljacksonville,Tulsa Welding School-Jacksonville,Jacksonville,FL
3034,ultimatemedicalacademy,Ultimate Medical Academy,Clearwater,FL
3277,universityfloridaonline,University of Florida-Online,Gainesville,FL
3280,universityphoenixflorida,University of Phoenix-Florida,Miramar,FL
2370,universitysouthflorida,University of South Florida,Tampa,FL
3288,westcoastuniversitymiami,West Coast University-Miami,Doral,FL
2882,collegemicronesiafsm,College of Micronesia-FSM,Pohnpei,FM
3024,americanintercontinentaluniversityatlanta,American InterContinental University-Atlanta,Atlanta,GA
2374,andrewcollege,Andrew College,Cuthbert,GA
3209,chamberlainuniversitygeorgia,Chamberlain University-Georgia,Atlanta,GA
3250,devryuniversitygeorgia,DeVry University-Georgia,Decatur,GA
3307,emoryuniversityoxfordcollege,Emory University-Oxford College,Oxford,GA
3240,empirebeautyschoolaugusta,Empire Beauty School-Augusta,Augusta,GA
2751,empirebeautyschoolgwinnett,Empire Beauty School-Gwinnett,Lawrenceville,GA
3029,empirebeautyschoolkennesaw,Empire Beauty School-Kennesaw,Kennesaw,GA
3147,empirebeautyschoolmorrow,Empire Beauty School-Morrow,Morrow,GA
3300,empirebeautyschoolnorthlake,Empire Beauty School-Northlake,Atlanta,GA
3225,empirebeautyschoolsavannah,Empire Beauty School-Savannah,Savannah,GA
2375,georgiacareerinstitute,Georgia Career Institute,Conyers,GA
2376,georgiainstitutetechnologymaincampus,Georgia Institute of Technology-Main Campus,Atlanta,GA
3337,hoganinstitutecosmetologyesthetics,Hogan Institute of Cosmetology and Esthetics,Lilburn,GA
2377,interdenominationaltheologicalcenter,Interdenominational Theological Center,Atlanta,GA
3017,lincolncollegetechnologymarietta,Lincoln College of Technology-Marietta,Marietta,GA
2364,morehouseschoolmedicine,Morehouse School of Medicine,Atlanta,GA
3363,nationalamericanuniversitykingsbay,National American University-Kings Bay,Kings Bay,GA
2365,northgeorgiatechnicalcollege,North Georgia Technical College,Clarkesville,GA
3114,paulmitchellschoolatlanta,Paul Mitchell the School-Atlanta,Atlanta,GA
2366,piedmontuniversity,Piedmont University,Demorest,GA
3334,reformeduniversity,Reformed University,Lawrenceville,GA
2367,reinhardtuniversity,Reinhardt University,Waleska,GA
2988,rivertownschoolbeautybarberskincarenails,Rivertown School of Beauty Barber Skin Care and Nails,Columbus,GA
2368,savannahcollegeartdesign,Savannah College of Art and Design,Savannah,GA
2972,toniguyhairdressingacademyatlanta,Toni & Guy Hairdressing Academy-Atlanta,Marietta,GA
3281,universityphoenixgeorgia,University of Phoenix-Georgia,Atlanta,GA
2853,universityguam,University of Guam,Mangilao,GU
2818,brighamyounguniversityhawaii,Brigham Young University-Hawaii,Laie,HI
2940,hawaiicommunitycollege,Hawaii Community College,Hilo,HI
2380,hawaiipacificuniversity,Hawaii Pacific University,Honolulu,HI
2381,honolulucommunitycollege,Honolulu Community College,Honolulu,HI
2382,kapiolanicommunitycollege,Kapiolani Community College,Honolulu,HI
2383,kauaicommunitycollege,Kauai Community College,Lihue,HI
2384,leewardcommunitycollege,Leeward Community College,Pearl City,HI
3371,makanaestheticswellnessacademy,Makana Esthetics Wellness Academy,Honolulu,HI
3176,paulmitchellschoolhonolulu,Paul Mitchell the School-Honolulu,Honolulu,HI
2378,universityhawaiihilo,University of Hawaii at Hilo,Hilo,HI
2379,universityhawaiimanoa,University of Hawaii at Manoa,Honolulu,HI
2385,universityhawaiimauicollege,University of Hawaii Maui College,Kahului,HI
2386,universityhawaiiwestoahu,University of Hawaii-West Oahu,Kapolei,HI
2991,universityphoenixhawaii,University of Phoenix-Hawaii,Kapolei,HI
2387,windwardcommunitycollege,Windward Community College,Kaneohe,HI
3198,avedainstitutedesmoines,Aveda Institute-Des Moines,West Des Moines,IA
2422,briarcliffuniversity,Briar Cliff University,Sioux City,IA
2423,capricollegecedarrapids,Capri College-Cedar Rapids,Cedar Rapids,IA
2431,desmoinesuniversityosteopathicmedicalcenter,Des Moines University-Osteopathic Medical Center,Des Moines,IA
2424,dordtuniversity,Dordt University,Sioux Center,IA
2426,easterniowacommunitycollegedistrict,Eastern Iowa Community College District,Davenport,IA
2425,emmausbiblecollege,Emmaus Bible College,Dubuque,IA
2427,gracelanduniversitylamoni,Graceland University-Lamoni,Lamoni,IA
2912,mercystlukesschoolradiologictechnology,Mercy-St Luke's School of Radiologic Technology,Cedar Rapids,IA
2430,northeastiowacommunitycollege,Northeast Iowa Community College,Calmar,IA
2432,palmercollegechiropractic,Palmer College of Chiropractic,Davenport,IA
2433,stlukescollege,St Luke's College,Sioux City,IA
2428,unitypointhealthdesmoinesschoolradiologictechnology,UnityPoint Health-Des Moines School of Radiologic Technology,Des Moines,IA
2434,wartburgcollege,Wartburg College,Waverly,IA
2435,westerniowatechcommunitycollege,Western Iowa Tech Community College,Sioux City,IA
2389,avedainstitutetwinfalls,Aveda Institute-Twin Falls,Twin Falls,ID
2388,collegeeasternidaho,College of Eastern Idaho,Idaho Falls,ID
2899,paulmitchellschoolboise,Paul Mitchell the School-Boise,Boise,ID
3323,paulmitchellschoolnampa,Paul Mitchell the School-Nampa,Nampa,ID
3132,paulmitchellschooltwinfalls,Paul Mitchell the School-Twin Falls,TWIN FALLS,ID
2390,americanacademyart,American Academy of Art,Chicago,IL
3105,chamberlainuniversityillinois,Chamberlain University-Illinois,Addison,IL
2398,citycollegeschicagoharoldwashingtoncollege,City Colleges of Chicago-Harold Washington College,Chicago,IL
2396,citycollegeschicagoharrystrumancollege,City Colleges of Chicago-Harry S Truman College,Chicago,IL
2393,citycollegeschicagokennedykingcollege,City Colleges of Chicago-Kennedy-King College,Chicago,IL
2394,citycollegeschicagomalcolmxcollege,City Colleges of Chicago-Malcolm X College,Chicago,IL
2395,citycollegeschicagooliveharveycollege,City Colleges of Chicago-Olive-Harvey College,Chicago,IL
2397,citycollegeschicagorichardjdaleycollege,City Colleges of Chicago-Richard J Daley College,Chicago,IL
2399,citycollegeschicagowilburwrightcollege,City Colleges of Chicago-Wilbur Wright College,Chicago,IL
2400,concordiauniversitychicago,Concordia University-Chicago,River Forest,IL
2401,coynecollege,Coyne College,Chicago,IL
3271,creativetouchcosmetologyschool,Creative Touch Cosmetology School,Waterloo,IL
3251,devryuniversityillinois,DeVry University-Illinois,Chicago,IL
3242,empirebeautyschoolstonepark,Empire Beauty School-Stone Park,Stone Park,IL
3241,empirebeautyschoolvernonhills,Empire Beauty School-Vernon Hills,Vernon Hills,IL
2967,eriksoninstitute,Erikson Institute,Chicago,IL
2402,firstinstitutetravelinc,"First Institute of Travel, Inc.",Crystal Lake,IL
2949,frontiercommunitycollege,Frontier Community College,Fairfield,IL
2403,greenvilleuniversity,Greenville University,Greenville,IL
2945,heartlandcommunitycollege,Heartland Community College,Normal,IL
2406,lakeforestgraduateschoolmanagement,Lake Forest Graduate School of Management,Lake Forest,IL
2407,lakeviewcollegenursing,Lakeview College of Nursing,Danville,IL
2408,lincolncollegetechnologymelrosepark,Lincoln College of Technology-Melrose Park,Melrose Park,IL
2950,lincolntrailcollege,Lincoln Trail College,Robinson,IL
2412,methodistcollege,Methodist College,Peoria,IL
2392,midwesternuniversitydownersgrove,Midwestern University-Downers Grove,Downers Grove,IL
2413,nationaluniversityhealthsciences,National University of Health Sciences,Lombard,IL
2405,olneycentralcollege,Olney Central College,Olney,IL
2391,paulmitchellschoolbradley,Paul Mitchell the School-Bradley,Bourbonnais,IL
3141,paulmitchellschoolchicago,Paul Mitchell the School-Chicago,Chicago,IL
3266,paulmitchellschoollombard,Paul Mitchell the School-Lombard,Lombard,IL
3133,paulmitchellschoolnormal,Paul Mitchell the School-Normal,Normal,IL
3072,rasmussenuniversityillinois,Rasmussen University-Illinois,Rockford,IL
2404,rosalindfranklinuniversitymedicinescience,Rosalind Franklin University of Medicine and Science,North Chicago,IL
2414,saintfrancismedicalcentercollegenursing,Saint Francis Medical Center College of Nursing,Peoria,IL
3037,universityphoenixillinois,University of Phoenix-Illinois,Chicago,IL
2415,universityspacosmetologyarts,University of Spa & Cosmetology Arts,Springfield,IL
2951,wabashvalleycollege,Wabash Valley College,Mount Carmel,IL
2416,wheatoncollege,Wheaton College,Wheaton,IL
2917,alexandriaschoolscientifictherapeutics,Alexandria School of Scientific Therapeutics,Alexandria,IN
3080,americancollegeeducation,American College of Education,Indianapolis,IN
3210,chamberlainuniversityindiana,Chamberlain University-Indiana,Indianapolis,IN
2417,christiantheologicalseminary,Christian Theological Seminary,Indianapolis,IN
3252,devryuniversityindiana,DeVry University-Indiana,Merrillville,IN
2418,empirebeautyschoolindianapolis,Empire Beauty School-Indianapolis,Indianapolis,IN
3146,empirebeautyschoolspeedway,Empire Beauty School-Speedway,Speedway,IN
2409,gracecollegetheologicalseminary,Grace College and Theological Seminary,Winona Lake,IN
3358,indianainstitutetechnologycollegeprofessionalstudies,Indiana Institute of Technology-College of Professional Studies,Fort Wayne,IN
2410,jmichaelharroldbeautyacademy,J Michael Harrold Beauty Academy,Terre Haute,IN
2419,lincolncollegetechnologyindianapolis,Lincoln College of Technology-Indianapolis,Indianapolis,IN
3183,paulmitchellschoolindianapolis,Paul Mitchell the School-Indianapolis,Indianapolis,IN
3275,paulmitchellschoolmerrillville,Paul Mitchell the School-Merrillville,Merrillville,IN
2411,purdueuniversityfortwayne,Purdue University Fort Wayne,Fort Wayne,IN
3328,purdueuniversityglobal,Purdue University Global,West Lafayette,IN
2884,purdueuniversitymaincampus,Purdue University-Main Campus,West Lafayette,IN
2420,ravenscroftbeautycollege,Ravenscroft Beauty College,Fort Wayne,IN
3158,salonprofessionalacademyevansville,The Salon Professional Academy-Evansville,Evansville,IN
3185,summitsalonacademykokomo,Summit Salon Academy-Kokomo,Kokomo,IN
2421,universitysaintfrancisfortwayne,University of Saint Francis-Fort Wayne,Fort Wayne,IN
2436,bartoncountycommunitycollege,Barton County Community College,Great Bend,KS
3227,bellusacademy,Bellus Academy,Manhattan,KS
2437,bethelcollegenorthnewton,Bethel College-North Newton,North Newton,KS
2438,flinthillstechnicalcollege,Flint Hills Technical College,Emporia,KS
2439,manhattanareatechnicalcollege,Manhattan Area Technical College,Manhattan,KS
3220,mitsusatohairacademy,Mitsu Sato Hair Academy,Overland Park,KS
2440,northwestkansastechnicalcollege,Northwest Kansas Technical College,Goodland,KS
2442,ottawauniversitykansascity,Ottawa University-Kansas City,Overland Park,KS
3108,ottawauniversityonline,Ottawa University-Online,Ottawa,KS
2441,ottawauniversityottawa,Ottawa University-Ottawa,Ottawa,KS
3222,paulmitchellschooloverlandpark,Paul Mitchell the School-Overland Park,Overland Park,KS
2964,paulmitchellschoolwichita,Paul Mitchell the School-Wichita,Wichita,KS
3233,rasmussenuniversitykansas,Rasmussen University-Kansas,Topeka,KS
2429,southwesterncollege,Southwestern College,Winfield,KS
3195,wellspringschoolalliedhealthlawrence,WellSpring School of Allied Health-Lawrence,Lawrence,KS
3369,wellspringschoolalliedhealthwichita,WellSpring School of Allied Health-Wichita,Wichita,KS
2444,elizabethtowncommunitytechnicalcollege,Elizabethtown Community and Technical College,Elizabethtown,KY
2451,empirebeautyschoolchenoweth,Empire Beauty School-Chenoweth,Louisville,KY
2453,empirebeautyschooldixie,Empire Beauty School-Dixie,Louisville,KY
2452,empirebeautyschoolelizabethtown,Empire Beauty School-Elizabethtown,Elizabethtown,KY
2454,empirebeautyschoolflorence,Empire Beauty School-Florence,Florence,KY
2445,frontiernursinguniversity,Frontier Nursing University,Versailles,KY
2446,hazardcommunitytechnicalcollege,Hazard Community and Technical College,Hazard,KY
2448,kentuckymountainbiblecollege,Kentucky Mountain Bible College,Jackson,KY
2449,lexingtontheologicalseminary,Lexington Theological Seminary,Lexington,KY
2450,maysvillecommunitytechnicalcollege,Maysville Community and Technical College,Maysville,KY
2443,paulmitchellschoollexington,Paul Mitchell the School-Lexington,Lexington,KY
2447,paulmitchellschoollouisville,Paul Mitchell the School-Louisville,Louisville,KY
3178,simmonscollegekentucky,Simmons College of Kentucky,Louisville,KY
2455,southeastkentuckycommunity,Southeast Kentucky Community,Cumberland,KY
2456,thomasmoreuniversity,Thomas More University,Crestview Hills,KY
3356,chamberlainuniversitylouisiana,Chamberlain University-Louisiana,Jefferson,LA
2458,louisianastateuniversityagriculturalmechanicalcollege,Louisiana State University and Agricultural & Mechanical College,Baton Rouge,LA
2457,louisianastateuniversityhealthsciencescenterneworleans,Louisiana State University Health Sciences Center-New Orleans,New Orleans,LA
3019,louisianastateuniversityhealthsciencescentershreveport,Louisiana State University Health Sciences Center-Shreveport,Shreveport,LA
2461,northshoretechnicalcommunitycollege,Northshore Technical Community College,Lacombe,LA
2459,northwesternstateuniversitylouisiana,Northwestern State University of Louisiana,Natchitoches,LA
3027,omegainstitutecosmetology,Omega Institute of Cosmetology,Houma,LA
3276,parkplacepremierbarberschool,Park Place Premier Barber School,New Orleans,LA
3030,remingtoncollegebatonrougecampus,Remington College-Baton Rouge Campus,Baton Rouge,LA
2460,remingtoncollegelafayettecampus,Remington College-Lafayette Campus,Lafayette,LA
3102,remingtoncollegeshreveportcampus,Remington College-Shreveport Campus,Shreveport,LA
3128,vanguardcollegecosmetologybatonrouge,Vanguard College of Cosmetology-Baton Rouge,Baton Rouge,LA
3194,vanguardcollegecosmetologymetairie,Vanguard College of Cosmetology-Metairie,Metairie,LA
3217,alexanderacademy,Alexander Academy,Lunenburg,MA
2472,bancroftschoolmassagetherapy,Bancroft School of Massage Therapy,Worcester,MA
2474,bostongraduateschoolpsychoanalysisinc,Boston Graduate School of Psychoanalysis Inc,Brookline,MA
2477,emmanuelcollege,Emmanuel College,Boston,MA
2473,empirebeautyschoolboston,Empire Beauty School-Boston,Boston,MA
2956,empirebeautyschoolmalden,Empire Beauty School-Malden,Malden,MA
2478,gordonconwelltheologicalseminary,Gordon-Conwell Theological Seminary,South Hamilton,MA
2479,laselluniversity,Lasell University,Newton,MA
2476,lincolntechnicalinstitutesomerville,Lincoln Technical Institute-Somerville,Somerville,MA
2480,massachusettscollegeartdesign,Massachusetts College of Art and Design,Boston,MA
2470,massachusettscollegeliberalarts,Massachusetts College of Liberal Arts,North Adams,MA
2469,montserratcollegeart,Montserrat College of Art,Beverly,MA
3262,northeasternuniversitylifelonglearningnetwork,Northeastern University Lifelong Learning Network,Boston,MA
2969,shawsheenvalleyschoolpracticalnursing,Shawsheen Valley School of Practical Nursing,Billerica,MA
2475,signaturehealthcarebrocktonhospitalschoolnursing,Signature Healthcare Brockton Hospital School of Nursing,Brockton,MA
2481,universitymassachusettsdartmouth,University of Massachusetts-Dartmouth,North Dartmouth,MA
2465,avedainstitutemaryland,Aveda Institute-Maryland,Bel Air,MD
3231,empirebeautyschoolglenburnie,Empire Beauty School-Glen Burnie,Glen Burnie,MD
3049,empirebeautyschoolowingsmills,Empire Beauty School-Owings Mills,Owings Mills,MD
3170,holisticmassagetraininginstitute,Holistic Massage Training Institute,Baltimore,MD
2466,lincolncollegetechnologycolumbia,Lincoln College of Technology-Columbia,Columbia,MD
2468,marylandinstitutecollegeart,Maryland Institute College of Art,Baltimore,MD
2471,marylanduniversityintegrativehealth,Maryland University of Integrative Health,Laurel,MD
3311,templeannapolisapaulmitchellpartnerschool,The Temple Annapolis-A Paul Mitchell Partner School,Annapolis,MD
3123,templeapaulmitchellpartnerschool,The Temple-A Paul Mitchell Partner School,Frederick,MD
2467,universitymarylandglobalcampus,University of Maryland Global Campus,Adelphi,MD
3177,capiloschoolhairdesign,Capilo School of Hair Design,Augusta,ME
2463,empirebeautyschoolmaine,Empire Beauty School-Maine,Portland,ME
2464,mainecollegeart,Maine College of Art,Portland,ME
2462,universitymaine,University of Maine,Orono,ME
3181,abcottinstitute,Abcott Institute,Southfield,MI
2997,cadillacinstitutecosmetology,Cadillac Institute of Cosmetology,Cadillac,MI
3303,chamberlainuniversitymichigan,Chamberlain University-Michigan,Troy,MI
3159,compasscollegecinematicarts,Compass College of Cinematic Arts,Grand Rapids,MI
2484,davidpressleyschoolcosmetology,David Pressley School of Cosmetology,Royal Oak,MI
2485,detroitbusinessinstitutedownriver,Detroit Business Institute-Downriver,Riverview,MI
2892,ecumenicaltheologicalseminary,Ecumenical Theological Seminary,Detroit,MI
2483,empirebeautyschoolmichigan,Empire Beauty School-Michigan,Grand Rapids,MI
2486,miatcollegetechnology,MIAT College of Technology,Canton,MI
2489,michigancareertechnicalinstitute,Michigan Career and Technical Institute,Plainwell,MI
2482,michiganschoolpsychology,Michigan School of Psychology,Farmington Hills,MI
3274,paulmitchellschoolfarmingtonhills,Paul Mitchell The School-Farmington Hills,Farmington Hills,MI
2490,paulmitchellschoolgrandrapids,Paul Mitchell the School-Grand Rapids,Kentwood,MI
3062,paulmitchellschoolgreatlakes,Paul Mitchell the School-Great Lakes,Port Huron,MI
3084,paulmitchellschoolmichigan,Paul Mitchell the School-Michigan,Sterling Heights,MI
2487,rochesteruniversity,Rochester University,Rochester Hills,MI
2488,sacredheartmajorseminary,Sacred Heart Major Seminary,Detroit,MI
3336,westernmichiganuniversityhomerstrykermdschoolmedicine,Western Michigan University Homer Stryker M.D. School of Medicine,Kalamazoo,MI
2491,academycollege,Academy College,Bloomington,MN
2924,adlergraduateschool,Adler Graduate School,Minnetonka,MN
3134,avalonschoolcosmetology,Avalon School of Cosmetology,Worthington,MN
2504,empirebeautyschoolbloomington,Empire Beauty School-Bloomington,Bloomington,MN
3127,empirebeautyschoolspringlakepark,Empire Beauty School-Spring Lake Park,Spring Lake Park,MN
2500,hazeldenbettyfordgraduateschooladdictionstudies,Hazelden Betty Ford Graduate School of Addiction Studies,Center City,MN
3109,instituteproductionrecording,Institute of Production and Recording,Minneapolis,MN
2501,minnesotaschoolcosmetologywoodburycampus,Minnesota School of Cosmetology-Woodbury Campus,WOODBURY,MN
2502,northwesternhealthsciencesuniversity,Northwestern Health Sciences University,Bloomington,MN
2505,rasmussenuniversityminnesota,Rasmussen University-Minnesota,St. Cloud,MN
2503,saintjohnsuniversity,Saint Johns University,Collegeville,MN
2506,summitacademyopportunitiesindustrializationcenter,Summit Academy Opportunities Industrialization Center,Minneapolis,MN
3000,whiteearthtribalcommunitycollege,White Earth Tribal and Community College,Mahnomen,MN
2521,aquinasinstitutetheology,Aquinas Institute of Theology,Saint Louis,MO
2522,baptistbiblecollege,Baptist Bible College,Springfield,MO
2523,centralmethodistuniversitycollegeliberalartssciences,Central Methodist University-College of Liberal Arts and Sciences,Fayette,MO
3190,chamberlainuniversitymissouri,Chamberlain University-Missouri,St. Louis,MO
3238,citypointebeautyacademy,City Pointe Beauty Academy,Webb City,MO
2524,covenanttheologicalseminary,Covenant Theological Seminary,Saint Louis,MO
3253,devryuniversitymissouri,DeVry University-Missouri,Kansas City,MO
3357,druryuniversitycollegecontinuingprofessionalstudies,Drury University-College of Continuing Professional Studies,Springfield,MO
2527,kansascityuniversitymedicinebiosciences,Kansas City University of Medicine and Biosciences,Kansas City,MO
3339,kansascityuniversitymedicinebiosciencesjoplin,Kansas City University of Medicine and Biosciences-Joplin,Joplin,MO
2989,newdimensionsschoolhairdesign,New Dimensions School of Hair Design,Joplin,MO
2525,paulmitchellschoolmissouricolumbia,Paul Mitchell the School-Missouri Columbia,Columbia,MO
3115,paulmitchellschoolspringfield,Paul Mitchell the School-Springfield,Springfield,MO
3173,paulmitchellschoolstlouis,Paul Mitchell the School-St Louis,St. Louis,MO
3362,poncehealthsciencesuniversitystlouis,Ponce Health Sciences University-St Louis,St. Louis,MO
2526,saintlouischristiancollege,Saint Louis Christian College,Florissant,MO
2976,southeastmissourihospitalcollegenursinghealthsciences,Southeast Missouri Hospital College of Nursing and Health Sciences,Cape Girardeau,MO
2901,stcharlescommunitycollege,St Charles Community College,Cottleville,MO
3023,texascountytechnicalcollege,Texas County Technical College,Houston,MO
3095,trendsettersschool,Trend Setters School,Cape Girardeau,MO
3068,wellspringschoolalliedhealthkansascity,WellSpring School of Allied Health-Kansas City,Kansas City,MO
3359,wellspringschoolalliedhealthspringfield,WellSpring School of Allied Health-Springfield,Springfield,MO
2528,williamwoodsuniversity,William Woods University,Fulton,MO
2854,northernmarianascollege,Northern Marianas College,Saipan,MP
2507,belhavenuniversity,Belhaven University,Jackson,MS
2508,bluemountaincollege,Blue Mountain College,Blue Mountain,MS
2509,coahomacommunitycollege,Coahoma Community College,Clarksdale,MS
2510,copiahlincolncommunitycollege,Copiah-Lincoln Community College,Wesson,MS
2511,deltastateuniversity,Delta State University,Cleveland,MS
2492,eastmississippicommunitycollege,East Mississippi Community College,Scooba,MS
2493,hindscommunitycollege,Hinds Community College,Raymond,MS
2494,holmescommunitycollege,Holmes Community College,Goodman,MS
2495,itawambacommunitycollege,Itawamba Community College,Fulton,MS
2496,jacksonstateuniversity,Jackson State University,Jackson,MS
2497,jonescountyjuniorcollege,Jones County Junior College,Ellisville,MS
2498,meridiancommunitycollege,Meridian Community College,Meridian,MS
2499,millsapscollege,Millsaps College,Jackson,MS
3116,mississippiinstituteaestheticsnailscosmetology,Mississippi Institute of Aesthetics Nails & Cosmetology,Clinton,MS
2515,mississippistateuniversity,Mississippi State University,Mississippi State,MS
2513,mississippiuniversityforwomen,Mississippi University for Women,Columbus,MS
2514,mississippivalleystateuniversity,Mississippi Valley State University,Itta Bena,MS
2516,northwestmississippicommunitycollege,Northwest Mississippi Community College,Senatobia,MS
2517,pearlrivercommunitycollege,Pearl River Community College,Poplarville,MS
2518,rustcollege,Rust College,Holly Springs,MS
2889,traxlersschoolhair,Traxlers School of Hair,Jackson,MS
2512,universitymississippi,University of Mississippi,University,MS
2519,universitysouthernmississippi,University of Southern Mississippi,Hattiesburg,MS
2520,williamcareyuniversity,William Carey University,Hattiesburg,MS
2530,dawsoncommunitycollege,Dawson Community College,Glendive,MT
2531,helenacollegeuniversitymontana,Helena College University of Montana,Helena,MT
2529,highlandscollegemontanatech,Highlands College of Montana Tech,Butte,MT
2532,yellowstonechristiancollege,Yellowstone Christian College,Billings,MT
2660,bartoncollege,Barton College,Wilson,NC
2661,cabarruscollegehealthsciences,Cabarrus College of Health Sciences,Concord,NC
3330,carolinauniversity,Carolina University,Winston-Salem,NC
2662,carteretcommunitycollege,Carteret Community College,Morehead City,NC
3326,chamberlainuniversitynorthcarolina,Chamberlain University-North Carolina,Charlotte,NC
3256,devryuniversitynorthcarolina,DeVry University-North Carolina,Charlotte,NC
3149,empirebeautyschoolcharlotte,Empire Beauty School-Charlotte,Charlotte,NC
3090,empirebeautyschoolconcord,Empire Beauty School-Concord,Concord,NC
3152,empirebeautyschoolpineville,Empire Beauty School-Pineville,Charlotte,NC
3226,empirebeautyschoolwestgreensboro,Empire Beauty School-West Greensboro,Greensboro,NC
3150,empirebeautyschoolwinstonsalem,Empire Beauty School-Winston-Salem,Winston-Salem,NC
3175,gracecollegedivinity,Grace College of Divinity,Fayetteville,NC
3167,jungtaoschoolclassicalchinesemedicine,Jung Tao School of Classical Chinese Medicine,Sugar Grove,NC
2663,martincommunitycollege,Martin Community College,Williamston,NC
2665,paulmitchellschoolfayetteville,Paul Mitchell the School-Fayetteville,Fayetteville,NC
3051,paulmitchellschoolgastonia,Paul Mitchell the School-Gastonia,Gastonia,NC
3206,paulmitchellschoolraleigh,Paul Mitchell the School-Raleigh,Raleigh,NC
3174,shepherdstheologicalseminary,Shepherds Theological Seminary,Cary,NC
2830,southeasternfreewillbaptistbiblecollege,Southeastern Free Will Baptist Bible College,Wendell,NC
2666,southwesterncommunitycollege,Southwestern Community College,Sylva,NC
2664,universitynorthcarolinaschoolarts,University of North Carolina School of the Arts,Winston Salem,NC
3283,universityphoenixnorthcarolina,University of Phoenix-North Carolina,Charlotte,NC
2668,nuetahidatsasahnishcollege,Nueta Hidatsa Sahnish College,New Town,ND
2667,rasmussenuniversitynorthdakota,Rasmussen University-North Dakota,Fargo,ND
2669,trinitybiblecollegegraduateschool,Trinity Bible College and Graduate School,Ellendale,ND
2533,bryancollegehealthsciences,Bryan College of Health Sciences,Lincoln,NE
2539,chihealthschoolradiologictechnology,CHI Health School of Radiologic Technology,Omaha,NE
2534,doaneuniversity,Doane University,Crete,NE
2540,josephscollegecosmetology,Joseph's College Cosmetology,Lincoln,NE
3016,littlepriesttribalcollege,Little Priest Tribal College,Winnebago,NE
2541,metropolitancommunitycollegearea,Metropolitan Community College Area,Omaha,NE
2542,nebraskaindiancommunitycollege,Nebraska Indian Community College,Macy,NE
2543,universitynebraskamedicalcenter,University of Nebraska Medical Center,Omaha,NE
2545,dartmouthcollege,Dartmouth College,Hanover,NH
2547,paulmitchellschoolportsmouth,Paul Mitchell the School-Portsmouth,Portsmouth,NH
2546,universitynewhampshirefranklinpierceschoollaw,University of New Hampshire-Franklin Pierce School of Law,Concord,NH
3313,americaninstitutealternativemedicine,American Institute of Alternative Medicine,East Brunswick,NJ
3117,americaninstitutemedicalscienceseducation,American Institute of Medical Sciences & Education,Piscataway,NJ
3202,asicareerinstitute,ASI Career Institute,Turnersville,NJ
2549,atlanticcapecommunitycollege,Atlantic Cape Community College,Mays Landing,NJ
2550,bergencommunitycollege,Bergen Community College,Paramus,NJ
2551,berkeleycollegewoodlandpark,Berkeley College-Woodland Park,Woodland Park,NJ
2552,bloomfieldcollege,Bloomfield College,Bloomfield,NJ
2553,brookdalecommunitycollege,Brookdale Community College,Lincroft,NJ
2554,camdencountycollege,Camden County College,Blackwood,NJ
3304,chamberlainuniversitynewjersey,Chamberlain University-New Jersey,North Brunswick,NJ
2593,collegenewjersey,The College of New Jersey,Ewing,NJ
2556,countycollegemorris,County College of Morris,Randolph,NJ
2557,cumberlandcountycollege,Cumberland County College,Vineland,NJ
3335,cuttingedgeacademy,Cutting Edge Academy,Succasunna,NJ
3255,devryuniversitynewjersey,DeVry University-New Jersey,Iselin,NJ
2535,drewuniversity,Drew University,Madison,NJ
2548,eastwickcollegehackensack,Eastwick College-Hackensack,Hackensack,NJ
2574,eastwickcollegenutley,Eastwick College-Nutley,Nutley,NJ
2565,eastwickcollegeramsey,Eastwick College-Ramsey,Ramsey,NJ
2918,empirebeautyschoolbloomfield,Empire Beauty School-Bloomfield,Bloomfield,NJ
2564,empirebeautyschoolcherryhill,Empire Beauty School-Cherry Hill,Cherry Hill,NJ
2538,empirebeautyschoolunion,Empire Beauty School-Union,Union,NJ
2537,essexcountycollege,Essex County College,Newark,NJ
2560,fairleighdickinsonuniversityflorhamcampus,Fairleigh Dickinson University-Florham Campus,Madison,NJ
2558,fairleighdickinsonuniversitymetropolitancampus,Fairleigh Dickinson University-Metropolitan Campus,Teaneck,NJ
2559,felicianuniversity,Felician University,Lodi,NJ
2561,georgiancourtuniversity,Georgian Court University,Lakewood,NJ
3375,hackensackmeridianschoolmedicine,Hackensack Meridian School of Medicine,Nutley,NJ
2566,hudsoncountycommunitycollege,Hudson County Community College,Jersey City,NJ
2568,keanuniversity,Kean University,Union,NJ
2555,lincolntechnicalinstituteiselin,Lincoln Technical Institute-Iselin,Iselin,NJ
2993,lincolntechnicalinstitutemahwah,Lincoln Technical Institute-Mahwah,Mahwah,NJ
2925,lincolntechnicalinstitutemoorestown,Lincoln Technical Institute-Moorestown,Moorestown,NJ
3036,lincolntechnicalinstituteparamus,Lincoln Technical Institute-Paramus,Paramus,NJ
2536,lincolntechnicalinstitutesouthplainfield,Lincoln Technical Institute-South Plainfield,South Plainfield,NJ
2569,lincolntechnicalinstituteunion,Lincoln Technical Institute-Union,Union,NJ
2570,mercercountycommunitycollege,Mercer County Community College,West Windsor,NJ
2571,middlesexcountycollege,Middlesex County College,Edison,NJ
2572,monmouthuniversity,Monmouth University,West Long Branch,NJ
2573,montclairstateuniversity,Montclair State University,Montclair,NJ
2575,newbrunswicktheologicalseminary,New Brunswick Theological Seminary,New Brunswick,NJ
2567,newjerseycityuniversity,New Jersey City University,Jersey City,NJ
2576,newjerseyinstitutetechnology,New Jersey Institute of Technology,Newark,NJ
2577,oceancountycollege,Ocean County College,Toms River,NJ
2578,parisianbeautyschool,Parisian Beauty School,Hackensack,NJ
2579,passaiccountycommunitycollege,Passaic County Community College,Paterson,NJ
3237,paulmitchellschooljerseyshore,Paul Mitchell the School-Jersey Shore,Brick,NJ
2580,princetonuniversity,Princeton University,Princeton,NJ
2581,ramapocollegenewjersey,Ramapo College of New Jersey,Mahwah,NJ
2589,raritanvalleycommunitycollege,Raritan Valley Community College,Branchburg,NJ
2582,rideruniversity,Rider University,Lawrenceville,NJ
2563,rowancollegesouthjerseygloucestercampus,Rowan College of South Jersey Gloucester Campus,Sewell,NJ
2562,rowanuniversity,Rowan University,Glassboro,NJ
2583,rutgersuniversitycamden,Rutgers University-Camden,Camden,NJ
2585,rutgersuniversitynewark,Rutgers University-Newark,Newark,NJ
2584,rutgersuniversitynewbrunswick,Rutgers University-New Brunswick,New Brunswick,NJ
2588,saintelizabethuniversity,Saint Elizabeth University,Morristown,NJ
2586,salemcommunitycollege,Salem Community College,Carneys Point,NJ
2587,setonhalluniversity,Seton Hall University,South Orange,NJ
2590,stevensinstitutetechnology,Stevens Institute of Technology,Hoboken,NJ
2591,stocktonuniversity,Stockton University,Galloway,NJ
2893,sussexcountycommunitycollege,Sussex County Community College,Newton,NJ
2592,thomasedisonstateuniversity,Thomas Edison State University,Trenton,NJ
2594,unioncountycollege,Union County College,Cranford,NJ
3236,universaltraininginstitute,Universal Training Institute,Perth Amboy,NJ
3057,universityphoenixnewjersey,University of Phoenix-New Jersey,Jersey City,NJ
2595,williampatersonuniversitynewjersey,William Paterson University of New Jersey,Wayne,NJ
3361,abetterubeautybarberacademy,A Better U Beauty Barber Academy,Albuquerque,NM
3347,avenueacademyacosmetologyinstitute,"Avenue Academy, A Cosmetology Institute",Albuquerque,NM
3319,burrellcollegeosteopathicmedicine,Burrell College of Osteopathic Medicine,Las Cruces,NM
2943,easternnewmexicouniversityruidosobranchcommunitycollege,Eastern New Mexico University Ruidoso Branch Community College,Ruidoso,NM
2913,southwestacupuncturecollegesantafe,Southwest Acupuncture College-Santa Fe,Santa Fe,NM
2596,universitynewmexicogallupcampus,University of New Mexico-Gallup Campus,Gallup,NM
2953,universityphoenixnewmexico,University of Phoenix-New Mexico,Albuquerque,NM
2544,academyhairdesignlasvegas,Academy of Hair Design-Las Vegas,Las Vegas,NV
3118,casalinstitutenevada,Casal Institute of Nevada,Las Vegas,NV
3302,chamberlainuniversitynevada,Chamberlain University-Nevada,Las Vegas,NV
3254,devryuniversitynevada,DeVry University-Nevada,Henderson,NV
3092,euphoriainstitutebeautyartssciencessummerlin,Euphoria Institute of Beauty Arts & Sciences-Summerlin,Las Vegas,NV
3340,lmakeupinstitute,L Makeup Institute,Las Vegas,NV
3184,paulmitchellschoollasvegas,Paul Mitchell the School-Las Vegas,Las Vegas,NV
3219,paulmitchellschoolreno,Paul Mitchell the School-Reno,Reno,NV
3282,universityphoenixnevada,University of Phoenix-Nevada,Las Vegas,NV
3135,academycosmetologyestheticsnyc,Academy of Cosmetology and Esthetics NYC,Staten Island,NY
2597,adelphiuniversity,Adelphi University,Garden City,NY
2946,alberteinsteincollegemedicine,Albert Einstein College of Medicine,Bronx,NY
2604,americanmusicaldramaticacademy,American Musical and Dramatic Academy,New York,NY
3350,anoushehschoolhair,Anousheh School of Hair,Binghamton,NY
2649,binghamtonuniversity,Binghamton University,Vestal,NY
2599,bryantstrattoncollegealbany,Bryant & Stratton College-Albany,Albany,NY
2607,bryantstrattoncollegebuffalo,Bryant & Stratton College-Buffalo,Buffalo,NY
2608,bryantstrattoncollegegreece,Bryant & Stratton College-Greece,Rochester,NY
3230,bryantstrattoncollegeonline,Bryant & Stratton College-Online,Orchard Park,NY
2606,bryantstrattoncollegesyracusenorth,Bryant & Stratton College-Syracuse North,Liverpool,NY
2609,cayugacountycommunitycollege,Cayuga County Community College,Auburn,NY
2610,christinevalmyinternationalschoolforestheticsskincaremakeup,"Christine Valmy International School for Esthetics, Skin Care & Makeup",New York,NY
2611,clintoncommunitycollege,Clinton Community College,Plattsburgh,NY
2612,cochranschoolnursing,Cochran School of Nursing,Yonkers,NY
2618,collegestatenislandcuny,College of Staten Island CUNY,Staten Island,NY
2614,concordiacollege,Concordia College,Bronxville,NY
2617,culinaryinstituteamerica,Culinary Institute of America,Hyde Park,NY
2619,cunygraduateschooluniversitycenter,CUNY Graduate School and University Center,New York,NY
2620,cunyschoollaw,CUNY School of Law,Long Island City,NY
3207,cunystellacharlesguttmancommunitycollege,CUNY Stella and Charles Guttman Community College,New York,NY
2954,delawarechenangomadisonotsegobocespracticalnursingprogram,Delaware Chenango Madison Otsego BOCES-Practical Nursing Program,Norwich,NY
3229,digitalfilmacademy,Digital Film Academy,New York,NY
2979,easternsuffolkboces,Eastern Suffolk BOCES,Brentwood,NY
2980,easternsuffolkboces,Eastern Suffolk BOCES,Riverhead,NY
2981,easternsuffolkboces,Eastern Suffolk BOCES,Oakdale,NY
3268,electricaltrainingcenter,Electrical Training Center,Copiague,NY
3317,elimbibleinstitutecollege,Elim Bible Institute and College,Lima,NY
2600,elmirabusinessinstitute,Elmira Business Institute,Vestal,NY
2942,empirebeautyschoolbrooklyn,Empire Beauty School-Brooklyn,Brooklyn,NY
3286,empirebeautyschoolbuffalo,Empire Beauty School-Buffalo,Cheektowaga,NY
2640,empirebeautyschoolmanhattan,Empire Beauty School-Manhattan,New York,NY
2633,empirebeautyschoolpeekskill,Empire Beauty School-Peekskill,Peekskill,NY
2613,empirebeautyschoolqueens,Empire Beauty School-Queens,Astoria,NY
3243,empirebeautyschoolrochester,Empire Beauty School-Rochester,Rochester,NY
2601,eriecommunitycollege,Erie Community College,Buffalo,NY
2648,farmingdalestatecollege,Farmingdale State College,Farmingdale,NY
2602,fashioninstitutetechnology,Fashion Institute of Technology,New York,NY
2603,fultonmontgomerycommunitycollege,Fulton-Montgomery Community College,Johnstown,NY
2683,hebrewunioncollegejewishinstitutereligion,Hebrew Union College-Jewish Institute of Religion,New York,NY
2621,herkimercountycommunitycollege,Herkimer County Community College,Herkimer,NY
2622,hudsonvalleycommunitycollege,Hudson Valley Community College,Troy,NY
2623,jamestowncommunitycollege,Jamestown Community College,Jamestown,NY
2624,jeffersoncommunitycollege,Jefferson Community College,Watertown,NY
3075,lincolntechnicalinstitutewhitestone,Lincoln Technical Institute-Whitestone,Whitestone,NY
3179,longislandnailskinhairinstitute,Long Island Nail Skin & Hair Institute,Levittown,NY
2939,madisononeidabocespracticalnursingprogram,Madison Oneida BOCES-Practical Nursing Program,Verona,NY
2625,marionswhelanschoolnursinggenevageneralhospital,Marion S Whelan School of Nursing of Geneva General Hospital,Geneva,NY
3004,merkazbnosbusinessschool,Merkaz Bnos-Business School,Brooklyn,NY
2626,modernweldingschool,Modern Welding School,Schenectady,NY
2627,mohawkvalleycommunitycollege,Mohawk Valley Community College,Utica,NY
2628,monroecommunitycollege,Monroe Community College,Rochester,NY
2629,montefioreschoolnursing,Montefiore School of Nursing,Mount Vernon,NY
2630,nassaucommunitycollege,Nassau Community College,Garden City,NY
2908,newyorkacademyart,New York Academy of Art,New York,NY
2631,newyorkmedicalcollege,New York Medical College,Valhalla,NY
2636,newyorkschoolinteriordesign,New York School of Interior Design,New York,NY
2632,niagaracountycommunitycollege,Niagara County Community College,Sanborn,NY
2634,northcountrycommunitycollege,North Country Community College,Saranac Lake,NY
3273,paulmitchellschoolschenectady,Paul Mitchell the School-Schenectady,Schenectady,NY
2605,phillipsschoolnursingmountsinaibethisrael,Phillips School of Nursing at Mount Sinai Beth Israel,New York,NY
2637,plazacollege,Plaza College,Forest Hills,NY
2616,pomeroycollegenursingcrousehospital,Pomeroy College of Nursing at Crouse Hospital,Syracuse,NY
3372,professionalculinaryacademy,Professional Culinary Academy,Buffalo,NY
3199,relaygraduateschooleducation,Relay Graduate School of Education,New York,NY
2638,rockefelleruniversity,Rockefeller University,New York,NY
2639,rocklandcommunitycollege,Rockland Community College,Suffern,NY
2982,rocklandcountybocespracticalnursingprogram,Rockland County BOCES-Practical Nursing Program,West Nyack,NY
2641,russellsagecollege,Russell Sage College,Troy,NY
2646,saintelizabethcollegenursing,Saint Elizabeth College of Nursing,Utica,NY
2658,schoolvisualarts,School of Visual Arts,New York,NY
2653,stateuniversitynewyorknewpaltz,State University of New York at New Paltz,New Paltz,NY
2642,stbernardsschooltheologyministry,St Bernard's School of Theology and Ministry,Rochester,NY
2643,stjosephscollegenursing,St. Joseph's College of Nursing,Syracuse,NY
2644,stlawrenceuniversity,St Lawrence University,Canton,NY
2651,stonybrookuniversity,Stony Brook University,Stony Brook,NY
2645,stthomasaquinascollege,St. Thomas Aquinas College,Sparkill,NY
3009,studiojewelers,Studio Jewelers,New York,NY
2909,suffolkcountycommunitycollege,Suffolk County Community College,Selden,NY
2647,sullivancountycommunitycollege,Sullivan County Community College,Loch Sheldrake,NY
2598,sunyadirondack,SUNY Adirondack,Queensbury,NY
2652,sunybrockport,SUNY Brockport,Brockport,NY
2615,sunycorningcommunitycollege,SUNY Corning Community College,Corning,NY
2654,sunydownstatehealthsciencesuniversity,SUNY Downstate Health Sciences University,Brooklyn,NY
2656,tompkinscortlandcommunitycollege,Tompkins Cortland Community College,Dryden,NY
3345,transitionscareerinstituteschoolnursing,Transitions Career Institute School of Nursing,Flushing,NY
2657,unioncollege,Union College,Schenectady,NY
2635,uniontheologicalseminarycitynewyork,Union Theological Seminary in the City of New York,New York,NY
2650,universitybuffalo,University at Buffalo,Buffalo,NY
2655,upstatemedicaluniversity,Upstate Medical University,Syracuse,NY
2978,washingtonsaratogawarrenhamiltonessexbocespracticalnursingprogram,Washington Saratoga Warren Hamilton Essex BOCES-Practical Nursing Program,Hudson Falls,NY
2659,westchesterschoolbeautyculture,Westchester School of Beauty Culture,Mount Vernon,NY
2671,airforceinstitutetechnologygraduateschoolengineeringmanagement,Air Force Institute of Technology-Graduate School of Engineering & Management,Wright-Patterson AFB,OH
3263,antiochcollege,Antioch College,Yellow Springs,OH
2673,artacademycincinnati,Art Academy of Cincinnati,Cincinnati,OH
2674,athenaeumohio,Athenaeum of Ohio,Cincinnati,OH
2675,aultmancollegenursinghealthsciences,Aultman College of Nursing and Health Sciences,Canton,OH
2676,bowlinggreenstateuniversityfirelands,Bowling Green State University-Firelands,Huron,OH
2677,bryantstrattoncollegeparma,Bryant & Stratton College-Parma,Parma,OH
2941,buckeyejointvocationalschool,Buckeye Joint Vocational School,New Philadelphia,OH
3106,chamberlainuniversityohio,Chamberlain University-Ohio,Columbus,OH
2678,christcollegenursinghealthsciences,The Christ College of Nursing and Health Sciences,Cincinnati,OH
2680,clevelandinstituteart,Cleveland Institute of Art,Cleveland,OH
2681,columbuscollegeartdesign,Columbus College of Art and Design,Columbus,OH
3257,devryuniversityohio,DeVry University-Ohio,Columbus,OH
2957,eastlandfairfieldcareertechnicalschools,Eastland-Fairfield Career and Technical Schools,Groveport,OH
2958,empirebeautyschoolcincinnati,Empire Beauty School-Cincinnati,Cincinnati,OH
2670,etitechnicalcollege,ETI Technical College,Niles,OH
2698,firelandsregionalmedicalcenterschoolnursing,Firelands Regional Medical Center School of Nursing,Sandusky,OH
2682,gerbersakronbeautyschool,Gerbers Akron Beauty School,Akron,OH
2921,hamrickschool,Hamrick School,Medina,OH
3104,internationalculinaryartssciencesinstitute,International Culinary Arts and Sciences Institute,Chesterland,OH
2684,kentstateuniversityashtabula,Kent State University at Ashtabula,Ashtabula,OH
2685,kentstateuniversityeastliverpool,Kent State University at East Liverpool,East Liverpool,OH
2690,kentstateuniversitygeauga,Kent State University at Geauga,Burton,OH
2689,kentstateuniversitysalem,Kent State University at Salem,Salem,OH
2686,kentstateuniversitystark,Kent State University at Stark,Canton,OH
2687,kentstateuniversitytrumbull,Kent State University at Trumbull,Warren,OH
2688,kentstateuniversitytuscarawas,Kent State University at Tuscarawas,New Philadelphia,OH
2691,ketteringcollege,Kettering College,Kettering,OH
2926,madisonadultcareercenter,Madison Adult Career Center,Mansfield,OH
3078,northcoastmedicaltrainingacademy,Northcoast Medical Training Academy,Kent,OH
2692,northeastohiomedicaluniversity,Northeast Ohio Medical University,Rootstown,OH
2694,ohiouniversitychillicothecampus,Ohio University-Chillicothe Campus,Chillicothe,OH
2693,ohiouniversityeasterncampus,Ohio University-Eastern Campus,Saint Clairsville,OH
2696,ohiouniversitylancastercampus,Ohio University-Lancaster Campus,Lancaster,OH
2695,ohiouniversitysoutherncampus,Ohio University-Southern Campus,Ironton,OH
2697,ohiouniversityzanesvillecampus,Ohio University-Zanesville Campus,Zanesville,OH
3119,paulmitchellschoolcincinnati,Paul Mitchell the School-Cincinnati,Cincinnati,OH
3125,paulmitchellschoolcleveland,Paul Mitchell the School-Cleveland,Twinsburg,OH
3126,paulmitchellschoolcolumbus,Paul Mitchell the School-Columbus,Columbus,OH
3287,paulmitchellschooltoledo,Paul Mitchell the School-Toledo,Sylvania,OH
2959,sciotocountycareertechnicalcenter,Scioto County Career Technical Center,Lucasville,OH
3136,summitsalonacademyperrysburg,Summit Salon Academy-Perrysburg,Perrysburg,OH
2707,tristatebiblecollege,Tri-State Bible College,South Point,OH
2672,universityakronwaynecollege,University of Akron Wayne College,Orrville,OH
2679,universitycincinnaticlermontcollege,University of Cincinnati-Clermont College,Batavia,OH
2708,uppervalleycareercenter,Upper Valley Career Center,Piqua,OH
3294,valorchristiancollege,Valor Christian College,Canal Winchester,OH
2998,vanguardsentineladultcareertechnologycenter,Vanguard-Sentinel Adult Career and Technology Center,Fremont,OH
2963,warrencountycareercenter,Warren County Career Center,Lebanon,OH
2709,winebrennertheologicalseminary,Winebrenner Theological Seminary,Findlay,OH
2710,wrightstateuniversitylakecampus,Wright State University-Lake Campus,Celina,OH
3079,atacollege,ATA College,Tulsa,OK
2712,enidbeautycollege,Enid Beauty College,Enid,OK
2719,highplainstechnologycenter,High Plains Technology Center,Woodward,OK
2716,jenksbeautycollege,Jenks Beauty College,Jenks,OK
2903,metrotechnologycenters,Metro Technology Centers,Oklahoma City,OK
2914,northwesttechnologycenteralva,Northwest Technology Center-Alva,Alva,OK
2714,oklahomastateuniversitycenterforhealthsciences,Oklahoma State University Center for Health Sciences,Tulsa,OK
2711,oklahomawesleyanuniversity,Oklahoma Wesleyan University,Bartlesville,OK
3298,paulmitchellschooltulsa,Paul Mitchell the School-Tulsa,Tulsa,OK
2713,randalluniversity,Randall University,Moore,OK
2718,tulsaweldingschooltulsa,Tulsa Welding School-Tulsa,Tulsa,OK
2715,universityoklahomahealthsciencescenter,University of Oklahoma-Health Sciences Center,Oklahoma City,OK
2717,universityscienceartsoklahoma,University of Science and Arts of Oklahoma,Chickasha,OK
3165,avedainstituteportland,Aveda Institute-Portland,Portland,OR
2720,bluemountaincommunitycollege,Blue Mountain Community College,Pendleton,OR
2721,centraloregoncommunitycollege,Central Oregon Community College,Bend,OR
2699,chemeketacommunitycollege,Chemeketa Community College,Salem,OR
2700,clackamascommunitycollege,Clackamas Community College,Oregon City,OR
2701,clatsopcommunitycollege,Clatsop Community College,Astoria,OR
2994,columbiagorgecommunitycollege,Columbia Gorge Community College,The Dalles,OR
2703,easternoregonuniversity,Eastern Oregon University,La Grande,OR
2702,eastwestcollegehealingarts,East West College of the Healing Arts,Portland,OR
2704,georgefoxuniversity,George Fox University,Newberg,OR
2705,lanecommunitycollege,Lane Community College,Eugene,OR
2706,lewisclarkcollege,Lewis & Clark College,Portland,OR
2722,linnbentoncommunitycollege,Linn-Benton Community College,Albany,OR
3002,oregoncoastcommunitycollege,Oregon Coast Community College,Newport,OR
2723,oregonhealthscienceuniversity,Oregon Health & Science University,Portland,OR
2724,oregoninstitutetechnology,Oregon Institute of Technology,Klamath Falls,OR
2725,oregonstateuniversity,Oregon State University,Corvallis,OR
3032,oregonstateuniversitycascadescampus,Oregon State University-Cascades Campus,Bend,OR
2960,pacificbiblecollege,Pacific Bible College,Medford,OR
2727,pacificuniversity,Pacific University,Forest Grove,OR
2728,portlandstateuniversity,Portland State University,Portland,OR
2730,reedcollege,Reed College,Portland,OR
2731,southwesternoregoncommunitycollege,Southwestern Oregon Community College,Coos Bay,OR
2995,tillamookbaycommunitycollege,Tillamook Bay Community College,Tillamook,OR
2732,treasurevalleycommunitycollege,Treasure Valley Community College,Ontario,OR
2733,umpquacommunitycollege,Umpqua Community College,Roseburg,OR
2726,universityoregon,University of Oregon,Eugene,OR
2729,universityportland,University of Portland,Portland,OR
2735,westernoregonuniversity,Western Oregon University,Monmouth,OR
2734,willametteuniversity,Willamette University,Salem,OR
2736,academyvocalarts,Academy of Vocal Arts,Philadelphia,PA
3168,bellacapelliacademy,Bella Capelli Academy,Monroeville,PA
3235,berkscareertechnologycenter,Berks Career & Technology Center,Leesport,PA
2742,butlerbeautyacademy,Butler Beauty Academy,Butler,PA
2915,butlerbeautyacademynewcastlebeautyacademy,Butler Beauty Academy-New Castle Beauty Academy,New Castle,PA
3011,clearfieldcountycareertechnologycenter,Clearfield County Career and Technology Center,Clearfield,PA
2757,commonwealthtechnicalinstitute,Commonwealth Technical Institute,Johnstown,PA
2762,communitycollegephiladelphia,Community College of Philadelphia,Philadelphia,PA
2743,delawarecountycommunitycollege,Delaware County Community College,Media,PA
3258,devryuniversitypennsylvania,DeVry University-Pennsylvania,Ft. Washington,PA
2744,douglaseducationcenter,Douglas Education Center,Monessen,PA
2927,empirebeautyschoolcentercityphiladelphia,Empire Beauty School-Center City Philadelphia,Philadelphia,PA
3290,empirebeautyschoolcheltenham,Empire Beauty School-Cheltenham,Wyncote,PA
2973,empirebeautyschoolhanover,Empire Beauty School-Hanover,Hanover,PA
2753,empirebeautyschoolharrisburg,Empire Beauty School-Harrisburg,Harrisburg,PA
2747,empirebeautyschoollancaster,Empire Beauty School-Lancaster,Lancaster,PA
2745,empirebeautyschoollebanon,Empire Beauty School-Lebanon,Lebanon,PA
2750,empirebeautyschoollehighvalley,Empire Beauty  School-Lehigh Valley,Whitehall,PA
3008,empirebeautyschoolmonroeville,Empire Beauty School-Monroeville,Monroeville,PA
2756,empirebeautyschoolnephiladelphia,Empire Beauty School-NE Philadelphia,Philadelphia,PA
3089,empirebeautyschoolnorthhills,Empire Beauty School-North Hills,Pittsburgh,PA
2749,empirebeautyschoolpottsville,Empire Beauty School-Pottsville,Pottsville,PA
2754,empirebeautyschoolreading,Empire Beauty School-Reading,Reading,PA
2748,empirebeautyschoolshamokindam,Empire Beauty School-Shamokin Dam,Shamokin Dam,PA
3145,empirebeautyschoolspringfield,Empire Beauty School-Springfield,Springfield,PA
3050,empirebeautyschoolwestmifflin,Empire Beauty School-West Mifflin,West Mifflin,PA
2752,empirebeautyschoolwyomingvalley,Empire Beauty School-Wyoming Valley,Moosic,PA
2746,empirebeautyschoolyork,Empire Beauty School-York,York,PA
2990,forbesroadcareertechnologycenter,Forbes Road Career and Technology Center,Monroeville,PA
2755,franklinmarshallcollege,Franklin and Marshall College,Lancaster,PA
3163,geisingerlewistownhospitalschoolnursing,Geisinger-Lewistown Hospital School of Nursing,Lewistown,PA
3073,internationalinstituteforrestorativepractices,International Institute for Restorative Practices,Bethlehem,PA
2983,jeffersoncountyduboisareavocationaltechnicalpracticalnursingprogram,Jefferson County Dubois Area Vocational Technical Practical Nursing Program,Reynoldsville,PA
2765,josephfmccloskeyschoolnursing,Joseph F McCloskey School of Nursing,Pottsville,PA
2961,lakeeriecollegeosteopathicmedicine,Lake Erie College of Osteopathic Medicine,Erie,PA
2985,lancastercountycareertechnologycenter,Lancaster County Career and Technology Center,Willow Street,PA
2897,laurelbusinessinstitute,Laurel Business Institute,Uniontown,PA
2737,lincolntechnicalinstituteallentown,Lincoln Technical Institute-Allentown,Allentown,PA
2738,lincolntechnicalinstitutephiladelphia,Lincoln Technical Institute-Philadelphia,Philadelphia,PA
2739,lincolnuniversity,Lincoln University,Lincoln University,PA
2740,messiahuniversity,Messiah University,Mechanicsburg,PA
2984,mifflincountyacademysciencetechnology,Mifflin County Academy of Science and Technology,Lewistown,PA
2741,missiotheologicalseminary,Missio Theological Seminary,Philadelphia,PA
2758,moorecollegeartdesign,Moore College of Art and Design,Philadelphia,PA
2759,newcastleschooltrades,New Castle School of Trades,New Castle,PA
2986,northerntiercareercenter,Northern Tier Career Center,Towanda,PA
2760,pennsylvaniacollegeartdesign,Pennsylvania College of Art and Design,Lancaster,PA
3380,pennsylvaniastateuniversity,The Pennsylvania State University,University Park,PA
3270,philadelphiatechniciantraining,Philadelphia Technician Training,Philadelphia,PA
2764,pittsburghtheologicalseminary,Pittsburgh Theological Seminary,Pittsburgh,PA
2766,saintvincentseminary,Saint Vincent Seminary,Latrobe,PA
2767,swarthmorecollege,Swarthmore College,Swarthmore,PA
2761,universityarts,The University of the Arts,Philadelphia,PA
3285,universityphoenixpennsylvania,University of Phoenix-Pennsylvania,Philadelphia,PA
2763,universitypittsburghtitusville,University of Pittsburgh-Titusville,Titusville,PA
2768,venusbeautyacademy,Venus Beauty Academy,Sharon Hill,PA
2769,weldertrainingtestinginstitute,Welder Training and Testing Institute,Allentown,PA
2906,wilkesbarreareacareertechnicalcenterpracticalnursing,Wilkes-Barre Area Career and Technical Center Practical Nursing,Wilkes Barre,PA
2770,williamsoncollegetrades,Williamson College of the Trades,Media,PA
3035,woninstitutegraduatestudies,Won Institute of Graduate Studies,Glenside,PA
2855,antillesschooltechnicalcareers,Antilles School of Technical Careers,San Juan,PR
3325,caribbeanaviationtraininginstituteinc,Caribbean Aviation Training Institute Inc,Carolina,PR
2905,caribbeanuniversityvegabaja,Caribbean University-Vega Baja,Vega Baja,PR
2928,cemcollegehumacao,CEM College-Humacao,Humacao,PR
3012,colegiodecinematografaartesytelevision,Colegio de Cinematografa Artes y Television,Bayamon,PR
3044,colegioeducativotecnologicoindustrialinc,Colegio Educativo Tecnologico Industrial Inc,Arecibo,PR
2929,colegiomayordetecnologiainc,Colegio Mayor de Tecnologia Inc,Arroyo,PR
3058,colegiotecnicodeelectricidadgalloza,Colegio Tecnico de Electricidad Galloza,Aguada,PR
2859,colegiouniversitariodesanjuan,Colegio Universitario de San Juan,San Juan,PR
2861,conservatorymusicpuertorico,Conservatory of Music of Puerto Rico,San Juan,PR
3364,edpuniversitypuertoricohumacao,EDP University of Puerto Rico-Humacao,Humacao,PR
2886,edpuniversitypuertoricoincsanjuan,EDP University of Puerto Rico Inc-San Juan,San Juan,PR
2862,edpuniversitypuertoricoincsansebastian,EDP University of Puerto Rico Inc-San Sebastian,San Sebastian,PR
3365,edpuniversitypuertoricomanati,EDP University of Puerto Rico-Manati,Manati,PR
3353,edpuniversitypuertoricovillalba,EDP University of Puerto Rico-Villalba,Villalba,PR
2952,emmasbeautyacademyjuanadiaz,Emma's Beauty Academy-Juana Diaz,Juana Diaz,PR
2863,emmasbeautyacademymayaguez,Emma's Beauty Academy-Mayaguez,Mayaguez,PR
2864,escueladeartesplasticasydisenodepuertorico,Escuela de Artes Plasticas y Diseno de Puerto Rico,San Juan,PR
2865,huertascollege,Huertas College,Caguas,PR
2887,icprjuniorcollege,ICPR Junior College,Hato Rey,PR
2888,icprjuniorcollege,ICPR Junior College,Manati,PR
2866,icprjuniorcollegearecibo,ICPR Junior College-Arecibo,Arecibo,PR
2867,icprjuniorcollegemayaguez,ICPR Junior College-Mayaguez,Mayaguez,PR
2930,institucionchavianodemayaguez,Institucion Chaviano de Mayaguez,Mayaguez,PR
3096,institutoeducativopremier,Instituto Educativo Premier,Ponce,PR
2931,liceodeartediseoycomercio,Liceo de Arte-Dise-O y Comercio,Caguas,PR
3005,novacollegedepuertorico,Nova College de Puerto Rico,Bayamon,PR
2857,pontificalcatholicuniversitypuertoricoarecibo,Pontifical Catholic University of Puerto Rico-Arecibo,Arecibo,PR
2880,pontificalcatholicuniversitypuertoricomayaguez,Pontifical Catholic University of Puerto Rico-Mayaguez,Mayaguez,PR
2858,pontificalcatholicuniversitypuertoricoponce,Pontifical Catholic University of Puerto Rico-Ponce,Ponce,PR
3299,ppgtechnicalcollege,PPG Technical College,Caguas,PR
2966,professionaltechnicalinstitution,Professional Technical Institution,Bayamon,PR
2878,seminarioevangelicodepuertorico,Seminario Evangelico de Puerto Rico,San Juan,PR
2932,universaltechnologycollegepuertorico,Universal Technology College of Puerto Rico,Aguadilla,PR
2856,universidadadventistadelasantillas,Universidad Adventista de las Antillas,Mayaguez,PR
2877,universidadanagmendezcarolinacampus,Universidad Ana G. Mendez-Carolina Campus,Carolina,PR
2860,universidadanagmendezcupeycampus,Universidad Ana G. Mendez-Cupey Campus,San Juan,PR
2881,universidadanagmendezgurabocampus,Universidad Ana G. Mendez-Gurabo Campus,Gurabo,PR
3269,universidadanagmendezonlinecampus,Universidad Ana G. Mendez-Online Campus,San Juan,PR
2845,universidadcentraldebayamon,Universidad Central de Bayamon,Bayamn,PR
2879,universidadpolitecnicadepuertorico,Universidad Politecnica de Puerto Rico,Hato Rey,PR
2868,universitypuertoricoaguadilla,University of Puerto Rico-Aguadilla,Aguadilla,PR
2869,universitypuertoricoarecibo,University of Puerto Rico-Arecibo,Arecibo,PR
2870,universitypuertoricocarolina,University of Puerto Rico-Carolina,Carolina,PR
2871,universitypuertoricocayey,University of Puerto Rico-Cayey,Cayey,PR
2872,universitypuertoricohumacao,University of Puerto Rico-Humacao,Humacao,PR
2874,universitypuertoricomedicalsciences,University of Puerto Rico-Medical Sciences,San Juan,PR
2875,universitypuertoricoponce,University of Puerto Rico-Ponce,Ponce,PR
2876,universitypuertoricoriopiedras,University of Puerto Rico-Rio Piedras,San Juan,PR
2873,universitypuertoricoutuado,University of Puerto Rico-Utuado,Utuado,PR
2771,empirebeautyschoolwarwick,Empire Beauty School-Warwick,Providence,RI
3162,johnsonwalesuniversityonline,Johnson & Wales University-Online,Providence,RI
3014,lincolntechnicalinstitutelincoln,Lincoln Technical Institute-Lincoln,Lincoln,RI
3047,paulmitchellschoolrhodeisland,Paul Mitchell the School-Rhode Island,Cranston,RI
2772,andersonuniversity,Anderson University,Anderson,SC
2773,cokeruniversity,Coker University,Hartsville,SC
2774,columbiacollege,Columbia College,Columbia,SC
2775,medicaluniversitysouthcarolina,Medical University of South Carolina,Charleston,SC
3193,paulmitchellschoolcharleston,Paul Mitchell the School-Charleston,North Charleston,SC
3192,paulmitchellschoolcolumbia,Paul Mitchell the School-Columbia,Columbia,SC
3267,paulmitchellschoolgreenville,Paul Mitchell the School-Greenville,Greenville,SC
3130,remingtoncollegecolumbiacampus,Remington College-Columbia Campus,Columbia,SC
2777,spartanburgcommunitycollege,Spartanburg Community College,Spartanburg,SC
2776,spartanburgmethodistcollege,Spartanburg Methodist College,Spartanburg,SC
2782,averasacredhearthospital,Avera Sacred Heart Hospital,Yankton,SD
2778,headlinesacademyinc,Headlines Academy Inc,Rapid City,SD
2779,mitchelltechnicalcollege,Mitchell Technical College,Mitchell,SD
2780,mountmartyuniversity,Mount Marty University,Yankton,SD
3031,nationalamericanuniversityellsworthafbextension,National American University-Ellsworth AFB Extension,Ellsworth Air Force Base,SD
2781,nationalamericanuniversityrapidcity,National American University-Rapid City,Rapid City,SD
2783,southdakotaschoolminestechnology,South Dakota School of Mines and Technology,Rapid City,SD
2784,southeasttechnicalcollege,Southeast Technical College,Sioux Falls,SD
2785,stewartschool,Stewart School,Sioux Falls,SD
2786,westerndakotatechnicalcollege,Western Dakota Technical College,Rapid City,SD
2787,baptisthealthsciencesuniversity,Baptist Health Sciences University,Memphis,TN
2790,chattanoogacollegemedicaldentaltechnicalcareers,Chattanooga College Medical Dental and Technical Careers,Chattanooga,TN
3259,devryuniversitytennessee,DeVry University-Tennessee,Nashville,TN
3142,empirebeautyschoolememphis,Empire Beauty School-E Memphis,Memphis,TN
3144,empirebeautyschooljackson,Empire Beauty School-Jackson,Jackson,TN
3143,empirebeautyschoolnashville,Empire Beauty School-Nashville,Brentwood,TN
3148,empirebeautyschoolsmemphis,Empire Beauty School-S Memphis,Memphis,TN
3103,jennyleaacademycosmetology,Jenny Lea Academy of Cosmetology,Johnson City,TN
2792,kinguniversity,King University,Bristol,TN
2795,lincolncollegetechnologynashville,Lincoln College of Technology-Nashville,Nashville,TN
3216,midsouthchristiancollege,Mid-South Christian College,Memphis,TN
2933,mrwaynesschoolunisexhairdesign,Mr Wayne's School of Unisex Hair Design,Cookeville,TN
3124,paulmitchellschoolmemphis,Paul Mitchell the School-Memphis,Memphis,TN
2970,remingtoncollegememphiscampus,Remington College-Memphis Campus,Memphis,TN
3056,remingtoncollegenashvillecampus,Remington College-Nashville Campus,Nashville,TN
2788,tennesseecollegeappliedtechnologycovington,Tennessee College of Applied Technology-Covington,Covington,TN
2789,tennesseecollegeappliedtechnologydickson,Tennessee College of Applied Technology-Dickson,Dickson,TN
2791,tennesseecollegeappliedtechnologyjacksboro,Tennessee College of Applied Technology-Jacksboro,Jacksboro,TN
2797,tennesseecollegeappliedtechnologyknoxville,Tennessee College of Applied Technology-Knoxville,Knoxville,TN
2794,tennesseecollegeappliedtechnologymorristown,Tennessee College of Applied Technology-Morristown,Morristown,TN
2894,tennesseecollegeappliedtechnologynashville,Tennessee College of Applied Technology Nashville,Nashville,TN
2796,tennesseecollegeappliedtechnologypulaski,Tennessee College of Applied Technology-Pulaski,Pulaski,TN
2798,tennesseecollegeappliedtechnologywhiteville,Tennessee College of Applied Technology-Whiteville,Whiteville,TN
2793,universitymemphis,University of Memphis,Memphis,TN
3306,universitytennesseehealthsciencecenter,The University of Tennessee Health Science Center,Memphis,TN
2799,universitytennesseemartin,The University of Tennessee-Martin,Martin,TN
3018,academyhairdesignlufkin,Academy of Hair Design-Lufkin,Lufkin,TX
3054,americanintercontinentaluniversityhouston,American InterContinental University-Houston,Houston,TX
3338,annwebbskininstitute,Ann Webb Skin Institute,Austin,TX
3007,aomagraduateschoolintegrativemedicine,AOMA Graduate School of Integrative Medicine,Austin,TX
3052,augusteescoffierschoolculinaryartsaustin,Auguste Escoffier School of Culinary Arts-Austin,Austin,TX
2800,baylorcollegemedicine,Baylor College of Medicine,Houston,TX
3360,careersinstituteamerica,Careers Institute of America,Dallas,TX
3191,chamberlainuniversitytexas,Chamberlain University-Texas,Houston,TX
2801,cosmetologycareercenterllc,Cosmetology Career Center LLC,Carrollton,TX
2809,covenantschoolnursingalliedhealth,Covenant School of Nursing and Allied Health,Lubbock,TX
2803,dallascollege,Dallas College,Dallas,TX
3260,devryuniversitytexas,DeVry University-Texas,Irving,TX
3171,diamondscosmetologycollege,Diamonds Cosmetology College,Sherman,TX
2804,episcopaltheologicalseminarysouthwest,Episcopal Theological Seminary of the Southwest,Austin,TX
3366,evvayloisacademyschoolbeauty,Evvaylois Academy School of Beauty,Brenham,TX
2805,frankphillipscollege,Frank Phillips College,Borger,TX
2890,houstongraduateschooltheology,Houston Graduate School of Theology,Houston,TX
2807,lamarstatecollegeportarthur,Lamar State College-Port Arthur,Port Arthur,TX
2808,lincolncollegetechnologygrandprairie,Lincoln College of Technology-Grand Prairie,Grand Prairie,TX
2977,messengercollege,Messenger College,Bedford,TX
3245,nationalamericanuniversitygeorgetown,National American University-Georgetown,Georgetown,TX
2934,nuvaniinstitute,Nuvani Institute,San Antonio,TX
2935,nuvaniinstitute,Nuvani Institute,Eagle Pass,TX
2810,oceancorporation,Ocean Corporation,Houston,TX
2885,parkeruniversity,Parker University,Dallas,TX
3203,paulmitchellschoolarlington,Paul Mitchell the School-Arlington,Arlington,TX
3097,paulmitchellschoolaustin,Paul Mitchell the School-Austin,Austin,TX
3322,paulmitchellschoolclearlake,Paul Mitchell the School-Clear Lake,Webster,TX
2896,paulmitchellschoolhouston,Paul Mitchell the School-Houston,Houston,TX
3099,paulmitchellschoolsanantonio,Paul Mitchell the School-San Antonio,San Antonio,TX
2987,pipoacademyhairdesign,Pipo Academy of Hair Design,El Paso,TX
3101,remingtoncollegehoustonsoutheastcampus,Remington College-Houston Southeast Campus,Webster,TX
2811,saintedwardsuniversity,Saint Edward's University,Austin,TX
3348,salonprofessionalacademysanantonio,Salon Professional Academy of San Antonio,San Antonio,TX
2814,southwestschoolbusinesstechnicalcareerssanantonio,Southwest School of Business and Technical Careers-San Antonio,San Antonio,TX
2812,stphilipscollege,St Philip's College,San Antonio,TX
2802,texasamuniversitycommerce,Texas A & M University-Commerce,Commerce,TX
3069,texashealthschool,Texas Health School,Houston,TX
3010,texashealthscienceuniversity,Texas Health and Science University,Austin,TX
2806,texastechuniversityhealthsciencescenter,Texas Tech University Health Sciences Center,Lubbock,TX
3355,texastechuniversityhealthsciencescenterelpaso,Texas Tech University Health Sciences Center-El Paso,El Paso,TX
3368,tonsorialartsbarbercollege,Tonsorial Arts Barber College,Texarkana,TX
3301,tulsaweldingschoolhouston,Tulsa Welding School-Houston,Houston,TX
3284,universityphoenixtexas,University of Phoenix-Texas,Houston,TX
2813,universitystthomas,University of St Thomas,Houston,TX
2816,universitytexashealthsciencecentersanantonio,The University of Texas Health Science Center at San Antonio,San Antonio,TX
2974,universitytexasmdandersoncancercenter,The University of Texas MD Anderson Cancer Center,Houston,TX
2815,universitytexassouthwesternmedicalcenter,University of Texas Southwestern Medical Center,Dallas,TX
3224,westcoastuniversitydallas,West Coast University-Dallas,Dallas,TX
2817,whartoncountyjuniorcollege,Wharton County Junior College,Wharton,TX
3197,avalonschoolcosmetologylayton,Avalon School of Cosmetology-Layton,Layton,UT
2819,broadviewuniversitywestjordan,Broadview University-West Jordan,West Jordan,UT
3098,dixietechnicalcollege,Dixie Technical College,Saint George,UT
2821,ensigncollege,Ensign College,Salt Lake City,UT
3169,mandalynacademy,Mandalyn Academy,American Fork,UT
3223,medspaacademies,Medspa Academies,South Jordan,UT
2955,myotherapycollegeutah,Myotherapy College of Utah,Millcreek City,UT
3070,paulmitchellschoollogan,Paul Mitchell the School-Logan,Logan,UT
3212,paulmitchellschoologden,Paul Mitchell the School-Ogden,Ogden,UT
3378,paulmitchellschoolrichlandprovo,Paul Mitchell the School-Richland-Provo,Provo,UT
2820,paulmitchellschoolsaltlakecity,Paul Mitchell the School-Salt Lake City,Holladay,UT
2996,paulmitchellschoolstgeorge,Paul Mitchell the School-St. George,Saint George,UT
3204,rockymountainuniversityhealthprofessions,Rocky Mountain University of Health Professions,Provo,UT
3208,tooeletechnicalcollege,Tooele Technical College,Tooele,UT
2919,universityphoenixutah,University of Phoenix-Utah,Salt Lake City,UT
2822,westminstercollege,Westminster College,Salt Lake City,UT
3354,americanmassagebodyworkinstitute,American Massage & Bodywork Institute,Vienna,VA
3351,anotherlevelbarberingcosmetologyschool,Another Level Barbering and Cosmetology School,Petersburg,VA
3081,averettuniversitynontraditionalprograms,Averett University-Non-Traditional Programs,Danville,VA
2825,blueridgecommunitycollege,Blue Ridge Community College,Weyers Cave,VA
2829,bonsecoursmemorialcollegenursing,Bon Secours Memorial College of Nursing,Richmond,VA
3166,chamberlainuniversityvirginia,Chamberlain University-Virginia,Vienna,VA
3261,devryuniversityvirginia,DeVry University-Virginia,Arlington,VA
3059,divinemercyuniversity,Divine Mercy University,Sterling,VA
2827,easternvirginiamedicalschool,Eastern Virginia Medical School,Norfolk,VA
2895,ecpiuniversity,ECPI University,Virginia Beach,VA
3043,edwardviacollegeosteopathicmedicine,Edward Via College of Osteopathic Medicine,Blacksburg,VA
3048,empirebeautyschoolmidlothian,Empire Beauty School-Midlothian,Midlothian,VA
3379,empirebeautyschoolnewportnews,Empire Beauty School-Newport News,Newport News,VA
3088,empirebeautyschoolrichmond,Empire Beauty School-Richmond,Richmond,VA
3211,empirebeautyschoolvirginiabeach,Empire Beauty School-Virginia Beach,Virginia Beach,VA
3172,northernvirginiaschooltherapeuticmassage,Northern Virginia School of Therapeutic Massage,Falls Church,VA
2824,paulmitchellschoolroanoke,Paul Mitchell the School-Roanoke,Roanoke,VA
3086,paulmitchellschooltysonscorner,Paul Mitchell the School-Tysons Corner,McLean,VA
3234,paulmitchellschoolwoodbridge,Paul Mitchell the School-Woodbridge,Woodbridge,VA
2828,sentaracollegehealthsciences,Sentara College of Health Sciences,Chesapeake,VA
2831,southernvirginiauniversity,Southern Virginia University,Buena Vista,VA
2826,williammary,William & Mary,Williamsburg,VA
2883,universityvirginislands,University of the Virgin Islands,Charlotte Amalie,VI
2823,northernvermontuniversity,Northern Vermont University,Johnson,VT
3309,avedainstituteportlandvancouvercampus,Aveda Institute Portland-Vancouver Campus,Vancouver,WA
2833,edmondscollege,Edmonds College,Lynnwood,WA
3137,garymanuelavedainstitute,Gary Manuel Aveda Institute,Seattle,WA
3138,northwestschoolwoodenboatbuilding,Northwest School of Wooden Boat Building,Port Hadlock,WA
3120,pacificnorthwestuniversityhealthsciences,Pacific Northwest University of Health Sciences,Yakima,WA
2832,paulmitchellschoolrichland,Paul Mitchell the School-Richland,Richland,WA
3186,paulmitchellschoolspokane,Paul Mitchell the School-Spokane,Spokane Valley,WA
2834,piercecollegedistrict,Pierce College District,Lakewood,WA
2835,saintmartinsuniversity,Saint Martin's University,Lacey,WA
3160,summitsalonacademy,Summit Salon Academy,Tacoma,WA
3013,universityphoenixwashington,University of Phoenix-Washington,Tukwila,WA
2836,wallawallacommunitycollege,Walla Walla Community College,Walla Walla,WA
2837,wallawallauniversity,Walla Walla University,College Place,WA
3200,whitworthuniversityadultdegreeprograms,Whitworth University-Adult Degree Programs,Spokane,WA
3100,bryantstrattoncollegewauwatosa,Bryant & Stratton College-Wauwatosa,Wauwatosa,WI
2962,empirebeautyschoolgreenbay,Empire Beauty School-Green Bay,Ashwaubenon,WI
3074,empirebeautyschoolmilwaukee,Empire Beauty School-Milwaukee,Milwaukee,WI
2846,lawrenceuniversity,Lawrence University,Appleton,WI
2847,medicalcollegewisconsin,Medical College of Wisconsin,Milwaukee,WI
2848,milwaukeeinstituteartdesign,Milwaukee Institute of Art & Design,Milwaukee,WI
2849,nashotahhouse,Nashotah House,Nashotah,WI
3006,ottawauniversitymilwaukee,Ottawa University-Milwaukee,Brookfield,WI
3305,paulmitchellschoolmadison,Paul Mitchell the School-Madison,Madison,WI
3161,paulmitchellschoolmilwaukee,Paul Mitchell the School-Milwaukee,Pawaukee,WI
3087,rasmussenuniversitywisconsin,Rasmussen University-Wisconsin,Green Bay,WI
2850,saintnorbertcollege,Saint Norbert College,De Pere,WI
3182,salonprofessionalacademykenosha,The Salon Professional Academy-Kenosha,Kenosha,WI
3214,shepherdscollege,Shepherds College,Union Grove,WI
2851,statecollegebeautycultureinc,State College of Beauty Culture Inc,Wausau,WI
2838,charlestonschoolbeautyculture,Charleston School of Beauty Culture,Charleston,WV
2936,huntingtonschoolbeautyculture,Huntington School of Beauty Culture,Huntington,WV
2839,jamesrumseytechnicalinstitute,James Rumsey Technical Institute,Martinsburg,WV
2840,marshalluniversity,Marshall University,Huntington,WV
3293,mingoextendedlearningcenter,Mingo Extended Learning Center,Delbarton,WV
2841,morgantownbeautycollegeinc,Morgantown Beauty College Inc,Morgantown,WV
2842,potomacstatecollegewestvirginiauniversity,Potomac State College of West Virginia University,Keyser,WV
3295,randolphtechnicalcenter,Randolph Technical Center,Elkins,WV
2843,westvirginiauniversityhospitaldepartmentsradtechnutrition,West Virginia University Hospital Departments of Rad Tech and Nutrition,Morgantown,WV
2844,westvirginiauniversityinstitutetechnology,West Virginia University Institute of Technology,Beckley,WV
2852,wyotech,WyoTech,Laramie,WY
